Software Version,3.08.01,,,,,,,,,,,,,,,,,,,,,,,,,,,,,,,,,,,,,,,,,,,,,,,,,,,,,,,,,,,,,,,,,,,,,,,,,,,,,,,,,,,,,,,,,,,,,,,,
,,,,,,,,,,,,,,,,,,,,,,,,,,,,,,,,,,,,,,,,,,,,,,,,,,,,,,,,,,,,,,,,,,,,,,,,,,,,,,,,,,,,,,,,,,,,,,,,,
Experiment File Path:,C:\Users\Lab Admin\Documents\Eli\Thinfilm\Protocol1_220630_160057.xpt,,,,,,,,,,,,,,,,,,,,,,,,,,,,,,,,,,,,,,,,,,,,,,,,,,,,,,,,,,,,,,,,,,,,,,,,,,,,,,,,,,,,,,,,,,,,,,,,
Protocol File Path:,C:\Users\Public\Documents\Protocols\Protocol1.prt,,,,,,,,,,,,,,,,,,,,,,,,,,,,,,,,,,,,,,,,,,,,,,,,,,,,,,,,,,,,,,,,,,,,,,,,,,,,,,,,,,,,,,,,,,,,,,,,
Plate Number,Plate 1,,,,,,,,,,,,,,,,,,,,,,,,,,,,,,,,,,,,,,,,,,,,,,,,,,,,,,,,,,,,,,,,,,,,,,,,,,,,,,,,,,,,,,,,,,,,,,,,
Date,6/30/2022,,,,,,,,,,,,,,,,,,,,,,,,,,,,,,,,,,,,,,,,,,,,,,,,,,,,,,,,,,,,,,,,,,,,,,,,,,,,,,,,,,,,,,,,,,,,,,,,
Time,3:34:56 PM,,,,,,,,,,,,,,,,,,,,,,,,,,,,,,,,,,,,,,,,,,,,,,,,,,,,,,,,,,,,,,,,,,,,,,,,,,,,,,,,,,,,,,,,,,,,,,,,
Reader Type:,Cytation5,,,,,,,,,,,,,,,,,,,,,,,,,,,,,,,,,,,,,,,,,,,,,,,,,,,,,,,,,,,,,,,,,,,,,,,,,,,,,,,,,,,,,,,,,,,,,,,,
Reader Serial Number:,1909192,,,,,,,,,,,,,,,,,,,,,,,,,,,,,,,,,,,,,,,,,,,,,,,,,,,,,,,,,,,,,,,,,,,,,,,,,,,,,,,,,,,,,,,,,,,,,,,,
Reading Type,Reader,,,,,,,,,,,,,,,,,,,,,,,,,,,,,,,,,,,,,,,,,,,,,,,,,,,,,,,,,,,,,,,,,,,,,,,,,,,,,,,,,,,,,,,,,,,,,,,,
,,,,,,,,,,,,,,,,,,,,,,,,,,,,,,,,,,,,,,,,,,,,,,,,,,,,,,,,,,,,,,,,,,,,,,,,,,,,,,,,,,,,,,,,,,,,,,,,,
Procedure Details,,,,,,,,,,,,,,,,,,,,,,,,,,,,,,,,,,,,,,,,,,,,,,,,,,,,,,,,,,,,,,,,,,,,,,,,,,,,,,,,,,,,,,,,,,,,,,,,,
Plate Type,96 WELL PLATE (Use plate lid),,,,,,,,,,,,,,,,,,,,,,,,,,,,,,,,,,,,,,,,,,,,,,,,,,,,,,,,,,,,,,,,,,,,,,,,,,,,,,,,,,,,,,,,,,,,,,,,
Eject plate on completion,,,,,,,,,,,,,,,,,,,,,,,,,,,,,,,,,,,,,,,,,,,,,,,,,,,,,,,,,,,,,,,,,,,,,,,,,,,,,,,,,,,,,,,,,,,,,,,,,
Read,Fluorescence Spectrum,,,,,,,,,,,,,,,,,,,,,,,,,,,,,,,,,,,,,,,,,,,,,,,,,,,,,,,,,,,,,,,,,,,,,,,,,,,,,,,,,,,,,,,,,,,,,,,,
,Random,,,,,,,,,,,,,,,,,,,,,,,,,,,,,,,,,,,,,,,,,,,,,,,,,,,,,,,,,,,,,,,,,,,,,,,,,,,,,,,,,,,,,,,,,,,,,,,,
,Fixed Excitation: 450/20 nm,,,,,,,,,,,,,,,,,,,,,,,,,,,,,,,,,,,,,,,,,,,,,,,,,,,,,,,,,,,,,,,,,,,,,,,,,,,,,,,,,,,,,,,,,,,,,,,,
,"Emission Start: 500/20 nm,  Stop: 850 nm,  Step: 1 nm",,,,,,,,,,,,,,,,,,,,,,,,,,,,,,,,,,,,,,,,,,,,,,,,,,,,,,,,,,,,,,,,,,,,,,,,,,,,,,,,,,,,,,,,,,,,,,,,
,"Optics: Bottom,  Gain: 90",,,,,,,,,,,,,,,,,,,,,,,,,,,,,,,,,,,,,,,,,,,,,,,,,,,,,,,,,,,,,,,,,,,,,,,,,,,,,,,,,,,,,,,,,,,,,,,,
,"Light Source: Xenon Flash,  Lamp Energy: High",,,,,,,,,,,,,,,,,,,,,,,,,,,,,,,,,,,,,,,,,,,,,,,,,,,,,,,,,,,,,,,,,,,,,,,,,,,,,,,,,,,,,,,,,,,,,,,,
,"Read Speed: Normal,  Delay: 100 msec,  Measurements/Data Point: 10",,,,,,,,,,,,,,,,,,,,,,,,,,,,,,,,,,,,,,,,,,,,,,,,,,,,,,,,,,,,,,,,,,,,,,,,,,,,,,,,,,,,,,,,,,,,,,,,
,Read Height: 7 mm,,,,,,,,,,,,,,,,,,,,,,,,,,,,,,,,,,,,,,,,,,,,,,,,,,,,,,,,,,,,,,,,,,,,,,,,,,,,,,,,,,,,,,,,,,,,,,,,
,,,,,,,,,,,,,,,,,,,,,,,,,,,,,,,,,,,,,,,,,,,,,,,,,,,,,,,,,,,,,,,,,,,,,,,,,,,,,,,,,,,,,,,,,,,,,,,,,
Read 1:EM Spectrum,,,,,,,,,,,,,,,,,,,,,,,,,,,,,,,,,,,,,,,,,,,,,,,,,,,,,,,,,,,,,,,,,,,,,,,,,,,,,,,,,,,,,,,,,,,,,,,,,
,,,,,,,,,,,,,,,0,,2,,4,,6,,8,,,,,,,,,,,,,,,,10,,12,,14,,20,,30,,,,,,,,,,,,,,,,40,,50,,60,,70,,80,,100,,,,,,,,,,,,,,,,,,,,,,,,
,Wavelength,A1,A2,A3,A4,A5,A6,A7,A8,A9,A10,A11,A12,B1,B2,B3,B4,B5,B6,B7,B8,B9,B10,B11,B12,C1,C2,C3,C4,C5,C6,C7,C8,C9,C10,C11,C12,D1,D2,D3,D4,D5,D6,D7,D8,D9,D10,D11,D12,E1,E2,E3,E4,E5,E6,E7,E8,E9,E10,E11,E12,F1,F2,F3,F4,F5,F6,F7,F8,F9,F10,F11,F12,G1,G2,G3,G4,G5,G6,G7,G8,G9,G10,G11,G12,H1,H2,H3,H4,H5,H6,H7,H8,H9,H10,H11,H12
,500,,,,,,,,,,,,,,5,,3,,2,,3,,4,,,,,,,,,,,,,,,,4,,6,,7,,9,,3,,,,,,,,,,,,,,,,81,,105,,671,,954,,2217,,4822,,,,,,,,,,,,,,,,,,,,,,,,
,501,,,,,,,,,,,,,,6,,3,,2,,2,,4,,,,,,,,,,,,,,,,4,,5,,7,,8,,3,,,,,,,,,,,,,,,,80,,107,,668,,960,,2228,,4771,,,,,,,,,,,,,,,,,,,,,,,,
,502,,,,,,,,,,,,,,6,,2,,2,,3,,3,,,,,,,,,,,,,,,,4,,4,,6,,7,,3,,,,,,,,,,,,,,,,74,,106,,649,,991,,2203,,4785,,,,,,,,,,,,,,,,,,,,,,,,
,503,,,,,,,,,,,,,,6,,2,,2,,2,,3,,,,,,,,,,,,,,,,4,,4,,5,,8,,3,,,,,,,,,,,,,,,,80,,102,,652,,970,,2158,,4728,,,,,,,,,,,,,,,,,,,,,,,,
,504,,,,,,,,,,,,,,6,,3,,2,,2,,3,,,,,,,,,,,,,,,,4,,4,,5,,8,,3,,,,,,,,,,,,,,,,77,,101,,669,,984,,2202,,4622,,,,,,,,,,,,,,,,,,,,,,,,
,505,,,,,,,,,,,,,,6,,3,,2,,2,,3,,,,,,,,,,,,,,,,3,,4,,5,,7,,2,,,,,,,,,,,,,,,,74,,105,,663,,945,,2189,,4582,,,,,,,,,,,,,,,,,,,,,,,,
,506,,,,,,,,,,,,,,6,,2,,2,,2,,3,,,,,,,,,,,,,,,,3,,4,,5,,7,,2,,,,,,,,,,,,,,,,75,,105,,648,,960,,2172,,4599,,,,,,,,,,,,,,,,,,,,,,,,
,507,,,,,,,,,,,,,,5,,2,,2,,2,,3,,,,,,,,,,,,,,,,3,,5,,4,,7,,2,,,,,,,,,,,,,,,,78,,104,,658,,921,,2146,,4520,,,,,,,,,,,,,,,,,,,,,,,,
,508,,,,,,,,,,,,,,6,,2,,2,,2,,3,,,,,,,,,,,,,,,,3,,5,,4,,8,,2,,,,,,,,,,,,,,,,73,,106,,658,,966,,2089,,4512,,,,,,,,,,,,,,,,,,,,,,,,
,509,,,,,,,,,,,,,,6,,2,,2,,2,,3,,,,,,,,,,,,,,,,3,,5,,4,,7,,2,,,,,,,,,,,,,,,,79,,97,,651,,951,,2082,,4440,,,,,,,,,,,,,,,,,,,,,,,,
,510,,,,,,,,,,,,,,5,,2,,1,,2,,3,,,,,,,,,,,,,,,,3,,4,,5,,7,,2,,,,,,,,,,,,,,,,75,,101,,634,,932,,2072,,4351,,,,,,,,,,,,,,,,,,,,,,,,
,511,,,,,,,,,,,,,,5,,2,,1,,2,,3,,,,,,,,,,,,,,,,3,,5,,5,,7,,2,,,,,,,,,,,,,,,,81,,105,,656,,945,,2100,,4324,,,,,,,,,,,,,,,,,,,,,,,,
,512,,,,,,,,,,,,,,6,,2,,2,,2,,3,,,,,,,,,,,,,,,,3,,4,,4,,7,,2,,,,,,,,,,,,,,,,78,,101,,627,,923,,2070,,4330,,,,,,,,,,,,,,,,,,,,,,,,
,513,,,,,,,,,,,,,,5,,2,,2,,2,,4,,,,,,,,,,,,,,,,3,,5,,4,,7,,3,,,,,,,,,,,,,,,,74,,100,,629,,931,,2084,,4317,,,,,,,,,,,,,,,,,,,,,,,,
,514,,,,,,,,,,,,,,6,,2,,2,,2,,3,,,,,,,,,,,,,,,,2,,4,,4,,8,,2,,,,,,,,,,,,,,,,76,,100,,623,,919,,2077,,4255,,,,,,,,,,,,,,,,,,,,,,,,
,515,,,,,,,,,,,,,,5,,2,,2,,2,,3,,,,,,,,,,,,,,,,3,,4,,4,,6,,3,,,,,,,,,,,,,,,,82,,101,,629,,922,,2035,,4242,,,,,,,,,,,,,,,,,,,,,,,,
,516,,,,,,,,,,,,,,5,,2,,1,,2,,2,,,,,,,,,,,,,,,,3,,4,,4,,8,,2,,,,,,,,,,,,,,,,76,,99,,612,,918,,2021,,4183,,,,,,,,,,,,,,,,,,,,,,,,
,517,,,,,,,,,,,,,,5,,2,,1,,2,,3,,,,,,,,,,,,,,,,3,,4,,4,,8,,2,,,,,,,,,,,,,,,,74,,98,,628,,900,,2069,,4202,,,,,,,,,,,,,,,,,,,,,,,,
,518,,,,,,,,,,,,,,6,,2,,2,,1,,2,,,,,,,,,,,,,,,,3,,4,,4,,7,,2,,,,,,,,,,,,,,,,74,,104,,599,,916,,2043,,4151,,,,,,,,,,,,,,,,,,,,,,,,
,519,,,,,,,,,,,,,,5,,2,,2,,2,,3,,,,,,,,,,,,,,,,4,,4,,4,,7,,2,,,,,,,,,,,,,,,,77,,106,,597,,933,,2064,,4084,,,,,,,,,,,,,,,,,,,,,,,,
,520,,,,,,,,,,,,,,5,,2,,2,,2,,2,,,,,,,,,,,,,,,,2,,3,,4,,6,,2,,,,,,,,,,,,,,,,74,,103,,586,,904,,2104,,4081,,,,,,,,,,,,,,,,,,,,,,,,
,521,,,,,,,,,,,,,,6,,2,,2,,2,,2,,,,,,,,,,,,,,,,4,,4,,5,,6,,2,,,,,,,,,,,,,,,,73,,102,,623,,882,,2099,,4097,,,,,,,,,,,,,,,,,,,,,,,,
,522,,,,,,,,,,,,,,5,,2,,2,,1,,2,,,,,,,,,,,,,,,,2,,4,,4,,7,,2,,,,,,,,,,,,,,,,75,,107,,596,,914,,2060,,3993,,,,,,,,,,,,,,,,,,,,,,,,
,523,,,,,,,,,,,,,,5,,2,,1,,2,,3,,,,,,,,,,,,,,,,3,,4,,4,,7,,2,,,,,,,,,,,,,,,,73,,97,,592,,928,,2086,,3910,,,,,,,,,,,,,,,,,,,,,,,,
,524,,,,,,,,,,,,,,5,,2,,2,,2,,2,,,,,,,,,,,,,,,,3,,3,,4,,7,,1,,,,,,,,,,,,,,,,69,,93,,575,,925,,2099,,3899,,,,,,,,,,,,,,,,,,,,,,,,
,525,,,,,,,,,,,,,,6,,1,,1,,1,,3,,,,,,,,,,,,,,,,2,,4,,4,,5,,2,,,,,,,,,,,,,,,,70,,101,,590,,919,,2167,,3847,,,,,,,,,,,,,,,,,,,,,,,,
,526,,,,,,,,,,,,,,6,,1,,1,,2,,2,,,,,,,,,,,,,,,,2,,4,,3,,6,,2,,,,,,,,,,,,,,,,71,,90,,570,,902,,2205,,3866,,,,,,,,,,,,,,,,,,,,,,,,
,527,,,,,,,,,,,,,,5,,1,,1,,2,,2,,,,,,,,,,,,,,,,2,,3,,4,,7,,2,,,,,,,,,,,,,,,,70,,102,,568,,914,,2264,,3780,,,,,,,,,,,,,,,,,,,,,,,,
,528,,,,,,,,,,,,,,6,,2,,1,,2,,2,,,,,,,,,,,,,,,,2,,4,,3,,6,,2,,,,,,,,,,,,,,,,71,,95,,573,,892,,2261,,3649,,,,,,,,,,,,,,,,,,,,,,,,
,529,,,,,,,,,,,,,,6,,2,,1,,2,,2,,,,,,,,,,,,,,,,2,,3,,4,,7,,2,,,,,,,,,,,,,,,,73,,93,,544,,918,,2301,,3615,,,,,,,,,,,,,,,,,,,,,,,,
,530,,,,,,,,,,,,,,5,,2,,2,,1,,2,,,,,,,,,,,,,,,,2,,3,,4,,7,,2,,,,,,,,,,,,,,,,71,,96,,532,,960,,2434,,3565,,,,,,,,,,,,,,,,,,,,,,,,
,531,,,,,,,,,,,,,,5,,2,,1,,2,,2,,,,,,,,,,,,,,,,3,,3,,4,,7,,2,,,,,,,,,,,,,,,,70,,93,,548,,985,,2536,,3497,,,,,,,,,,,,,,,,,,,,,,,,
,532,,,,,,,,,,,,,,5,,2,,2,,1,,3,,,,,,,,,,,,,,,,2,,4,,3,,6,,2,,,,,,,,,,,,,,,,67,,97,,547,,975,,2633,,3477,,,,,,,,,,,,,,,,,,,,,,,,
,533,,,,,,,,,,,,,,5,,1,,1,,2,,2,,,,,,,,,,,,,,,,2,,3,,3,,7,,2,,,,,,,,,,,,,,,,65,,87,,520,,987,,2720,,3376,,,,,,,,,,,,,,,,,,,,,,,,
,534,,,,,,,,,,,,,,5,,1,,1,,2,,2,,,,,,,,,,,,,,,,3,,4,,3,,7,,2,,,,,,,,,,,,,,,,67,,93,,516,,1025,,2841,,3306,,,,,,,,,,,,,,,,,,,,,,,,
,535,,,,,,,,,,,,,,5,,1,,1,,2,,2,,,,,,,,,,,,,,,,3,,3,,4,,6,,2,,,,,,,,,,,,,,,,68,,93,,528,,1068,,3035,,3276,,,,,,,,,,,,,,,,,,,,,,,,
,536,,,,,,,,,,,,,,5,,2,,1,,1,,2,,,,,,,,,,,,,,,,3,,3,,3,,5,,2,,,,,,,,,,,,,,,,64,,82,,507,,1112,,3201,,3243,,,,,,,,,,,,,,,,,,,,,,,,
,537,,,,,,,,,,,,,,5,,2,,1,,1,,2,,,,,,,,,,,,,,,,3,,3,,4,,5,,2,,,,,,,,,,,,,,,,63,,87,,519,,1146,,3351,,3114,,,,,,,,,,,,,,,,,,,,,,,,
,538,,,,,,,,,,,,,,4,,1,,1,,1,,2,,,,,,,,,,,,,,,,2,,4,,4,,6,,2,,,,,,,,,,,,,,,,65,,86,,531,,1261,,3583,,3135,,,,,,,,,,,,,,,,,,,,,,,,
,539,,,,,,,,,,,,,,5,,2,,1,,1,,2,,,,,,,,,,,,,,,,2,,3,,4,,5,,3,,,,,,,,,,,,,,,,64,,89,,521,,1263,,3714,,3079,,,,,,,,,,,,,,,,,,,,,,,,
,540,,,,,,,,,,,,,,4,,2,,1,,1,,2,,,,,,,,,,,,,,,,2,,4,,3,,6,,1,,,,,,,,,,,,,,,,67,,85,,544,,1385,,3970,,3086,,,,,,,,,,,,,,,,,,,,,,,,
,541,,,,,,,,,,,,,,5,,1,,1,,1,,2,,,,,,,,,,,,,,,,3,,3,,3,,5,,2,,,,,,,,,,,,,,,,64,,86,,520,,1505,,4218,,3079,,,,,,,,,,,,,,,,,,,,,,,,
,542,,,,,,,,,,,,,,5,,1,,1,,2,,2,,,,,,,,,,,,,,,,2,,3,,3,,6,,1,,,,,,,,,,,,,,,,62,,84,,556,,1580,,4448,,2931,,,,,,,,,,,,,,,,,,,,,,,,
,543,,,,,,,,,,,,,,5,,1,,1,,1,,2,,,,,,,,,,,,,,,,2,,3,,3,,4,,2,,,,,,,,,,,,,,,,64,,83,,558,,1699,,4542,,2896,,,,,,,,,,,,,,,,,,,,,,,,
,544,,,,,,,,,,,,,,4,,1,,1,,1,,2,,,,,,,,,,,,,,,,3,,4,,3,,6,,2,,,,,,,,,,,,,,,,59,,84,,568,,1856,,4872,,2813,,,,,,,,,,,,,,,,,,,,,,,,
,545,,,,,,,,,,,,,,5,,1,,1,,1,,2,,,,,,,,,,,,,,,,2,,3,,4,,6,,2,,,,,,,,,,,,,,,,59,,83,,578,,2052,,5149,,2764,,,,,,,,,,,,,,,,,,,,,,,,
,546,,,,,,,,,,,,,,4,,2,,1,,1,,2,,,,,,,,,,,,,,,,2,,3,,3,,6,,2,,,,,,,,,,,,,,,,59,,81,,584,,2204,,5326,,2807,,,,,,,,,,,,,,,,,,,,,,,,
,547,,,,,,,,,,,,,,4,,1,,1,,1,,2,,,,,,,,,,,,,,,,2,,3,,3,,6,,2,,,,,,,,,,,,,,,,59,,78,,600,,2476,,5567,,2731,,,,,,,,,,,,,,,,,,,,,,,,
,548,,,,,,,,,,,,,,4,,1,,1,,1,,2,,,,,,,,,,,,,,,,2,,3,,2,,4,,1,,,,,,,,,,,,,,,,64,,82,,632,,2748,,5819,,2646,,,,,,,,,,,,,,,,,,,,,,,,
,549,,,,,,,,,,,,,,4,,1,,1,,1,,2,,,,,,,,,,,,,,,,2,,3,,3,,6,,1,,,,,,,,,,,,,,,,60,,77,,650,,3050,,6163,,2616,,,,,,,,,,,,,,,,,,,,,,,,
,550,,,,,,,,,,,,,,3,,1,,1,,1,,2,,,,,,,,,,,,,,,,2,,3,,3,,6,,1,,,,,,,,,,,,,,,,60,,78,,674,,3353,,6320,,2594,,,,,,,,,,,,,,,,,,,,,,,,
,551,,,,,,,,,,,,,,3,,1,,1,,1,,1,,,,,,,,,,,,,,,,2,,3,,2,,5,,1,,,,,,,,,,,,,,,,57,,76,,706,,3973,,6763,,2582,,,,,,,,,,,,,,,,,,,,,,,,
,552,,,,,,,,,,,,,,3,,1,,1,,1,,1,,,,,,,,,,,,,,,,2,,3,,2,,6,,2,,,,,,,,,,,,,,,,56,,75,,781,,4440,,7017,,2538,,,,,,,,,,,,,,,,,,,,,,,,
,553,,,,,,,,,,,,,,4,,1,,1,,1,,1,,,,,,,,,,,,,,,,2,,2,,2,,6,,1,,,,,,,,,,,,,,,,58,,78,,859,,5056,,7212,,2460,,,,,,,,,,,,,,,,,,,,,,,,
,554,,,,,,,,,,,,,,4,,1,,1,,1,,1,,,,,,,,,,,,,,,,2,,2,,3,,5,,2,,,,,,,,,,,,,,,,56,,70,,871,,5577,,7330,,2363,,,,,,,,,,,,,,,,,,,,,,,,
,555,,,,,,,,,,,,,,3,,1,,1,,1,,2,,,,,,,,,,,,,,,,2,,3,,2,,5,,2,,,,,,,,,,,,,,,,51,,71,,960,,6368,,7400,,2363,,,,,,,,,,,,,,,,,,,,,,,,
,556,,,,,,,,,,,,,,3,,1,,1,,1,,2,,,,,,,,,,,,,,,,1,,2,,2,,5,,1,,,,,,,,,,,,,,,,58,,76,,1050,,7234,,7629,,2375,,,,,,,,,,,,,,,,,,,,,,,,
,557,,,,,,,,,,,,,,3,,1,,1,,1,,1,,,,,,,,,,,,,,,,2,,3,,3,,5,,1,,,,,,,,,,,,,,,,54,,69,,1155,,8003,,7778,,2289,,,,,,,,,,,,,,,,,,,,,,,,
,558,,,,,,,,,,,,,,3,,1,,1,,1,,2,,,,,,,,,,,,,,,,2,,3,,3,,5,,2,,,,,,,,,,,,,,,,53,,70,,1248,,8660,,7753,,2269,,,,,,,,,,,,,,,,,,,,,,,,
,559,,,,,,,,,,,,,,3,,1,,1,,1,,2,,,,,,,,,,,,,,,,2,,3,,2,,6,,1,,,,,,,,,,,,,,,,58,,74,,1355,,9765,,7816,,2200,,,,,,,,,,,,,,,,,,,,,,,,
,560,,,,,,,,,,,,,,3,,1,,1,,1,,1,,,,,,,,,,,,,,,,1,,3,,2,,5,,1,,,,,,,,,,,,,,,,50,,70,,1453,,10610,,7768,,2139,,,,,,,,,,,,,,,,,,,,,,,,
,561,,,,,,,,,,,,,,3,,1,,1,,1,,2,,,,,,,,,,,,,,,,2,,2,,2,,4,,1,,,,,,,,,,,,,,,,52,,72,,1603,,11445,,7672,,2100,,,,,,,,,,,,,,,,,,,,,,,,
,562,,,,,,,,,,,,,,3,,1,,1,,1,,1,,,,,,,,,,,,,,,,2,,3,,2,,5,,2,,,,,,,,,,,,,,,,50,,77,,1696,,12254,,7642,,2046,,,,,,,,,,,,,,,,,,,,,,,,
,563,,,,,,,,,,,,,,3,,1,,1,,1,,1,,,,,,,,,,,,,,,,1,,2,,2,,4,,1,,,,,,,,,,,,,,,,55,,68,,1918,,12906,,7424,,2054,,,,,,,,,,,,,,,,,,,,,,,,
,564,,,,,,,,,,,,,,3,,1,,1,,1,,1,,,,,,,,,,,,,,,,2,,2,,2,,4,,1,,,,,,,,,,,,,,,,52,,68,,2076,,13977,,7241,,2062,,,,,,,,,,,,,,,,,,,,,,,,
,565,,,,,,,,,,,,,,3,,1,,1,,1,,1,,,,,,,,,,,,,,,,2,,2,,2,,4,,2,,,,,,,,,,,,,,,,52,,65,,2322,,14980,,7154,,1981,,,,,,,,,,,,,,,,,,,,,,,,
,566,,,,,,,,,,,,,,3,,1,,1,,1,,1,,,,,,,,,,,,,,,,1,,2,,2,,4,,1,,,,,,,,,,,,,,,,51,,68,,2407,,15644,,6952,,1997,,,,,,,,,,,,,,,,,,,,,,,,
,567,,,,,,,,,,,,,,3,,1,,1,,1,,1,,,,,,,,,,,,,,,,1,,3,,2,,4,,1,,,,,,,,,,,,,,,,56,,68,,2654,,16182,,6806,,1935,,,,,,,,,,,,,,,,,,,,,,,,
,568,,,,,,,,,,,,,,2,,1,,0,,1,,1,,,,,,,,,,,,,,,,1,,2,,2,,4,,1,,,,,,,,,,,,,,,,56,,65,,2869,,17164,,6531,,1911,,,,,,,,,,,,,,,,,,,,,,,,
,569,,,,,,,,,,,,,,2,,1,,1,,1,,1,,,,,,,,,,,,,,,,1,,2,,2,,4,,1,,,,,,,,,,,,,,,,52,,68,,3131,,17893,,6346,,1916,,,,,,,,,,,,,,,,,,,,,,,,
,570,,,,,,,,,,,,,,2,,1,,0,,1,,1,,,,,,,,,,,,,,,,1,,2,,2,,5,,1,,,,,,,,,,,,,,,,56,,70,,3350,,18185,,6327,,1848,,,,,,,,,,,,,,,,,,,,,,,,
,571,,,,,,,,,,,,,,3,,1,,1,,1,,1,,,,,,,,,,,,,,,,1,,2,,2,,4,,2,,,,,,,,,,,,,,,,49,,69,,3753,,18973,,5715,,1833,,,,,,,,,,,,,,,,,,,,,,,,
,572,,,,,,,,,,,,,,2,,1,,1,,1,,1,,,,,,,,,,,,,,,,1,,2,,2,,5,,2,,,,,,,,,,,,,,,,52,,69,,4089,,19817,,5548,,1780,,,,,,,,,,,,,,,,,,,,,,,,
,573,,,,,,,,,,,,,,3,,1,,1,,1,,2,,,,,,,,,,,,,,,,1,,2,,2,,5,,2,,,,,,,,,,,,,,,,55,,70,,4489,,19937,,5220,,1777,,,,,,,,,,,,,,,,,,,,,,,,
,574,,,,,,,,,,,,,,2,,1,,1,,1,,1,,,,,,,,,,,,,,,,2,,2,,2,,4,,2,,,,,,,,,,,,,,,,50,,69,,4730,,20085,,4990,,1772,,,,,,,,,,,,,,,,,,,,,,,,
,575,,,,,,,,,,,,,,2,,1,,1,,0,,1,,,,,,,,,,,,,,,,1,,3,,2,,4,,2,,,,,,,,,,,,,,,,50,,68,,5226,,20272,,4726,,1701,,,,,,,,,,,,,,,,,,,,,,,,
,576,,,,,,,,,,,,,,2,,1,,1,,1,,1,,,,,,,,,,,,,,,,1,,2,,1,,4,,1,,,,,,,,,,,,,,,,52,,70,,5725,,20699,,4392,,1653,,,,,,,,,,,,,,,,,,,,,,,,
,577,,,,,,,,,,,,,,2,,1,,1,,1,,2,,,,,,,,,,,,,,,,1,,2,,2,,4,,2,,,,,,,,,,,,,,,,52,,78,,6386,,20517,,4028,,1681,,,,,,,,,,,,,,,,,,,,,,,,
,578,,,,,,,,,,,,,,2,,1,,1,,1,,1,,,,,,,,,,,,,,,,1,,2,,2,,4,,2,,,,,,,,,,,,,,,,53,,79,,6720,,20445,,3907,,1637,,,,,,,,,,,,,,,,,,,,,,,,
,579,,,,,,,,,,,,,,2,,1,,1,,1,,1,,,,,,,,,,,,,,,,1,,2,,1,,5,,2,,,,,,,,,,,,,,,,59,,81,,7268,,20230,,3599,,1643,,,,,,,,,,,,,,,,,,,,,,,,
,580,,,,,,,,,,,,,,2,,1,,1,,1,,1,,,,,,,,,,,,,,,,1,,2,,1,,5,,2,,,,,,,,,,,,,,,,57,,82,,8004,,19887,,3409,,1555,,,,,,,,,,,,,,,,,,,,,,,,
,581,,,,,,,,,,,,,,2,,1,,1,,0,,1,,,,,,,,,,,,,,,,1,,1,,2,,5,,2,,,,,,,,,,,,,,,,61,,85,,8507,,19262,,3209,,1452,,,,,,,,,,,,,,,,,,,,,,,,
,582,,,,,,,,,,,,,,3,,1,,1,,1,,1,,,,,,,,,,,,,,,,1,,2,,1,,5,,2,,,,,,,,,,,,,,,,62,,96,,9019,,19065,,3036,,1511,,,,,,,,,,,,,,,,,,,,,,,,
,583,,,,,,,,,,,,,,2,,1,,1,,1,,1,,,,,,,,,,,,,,,,1,,2,,2,,5,,2,,,,,,,,,,,,,,,,61,,93,,9530,,18626,,2919,,1491,,,,,,,,,,,,,,,,,,,,,,,,
,584,,,,,,,,,,,,,,2,,1,,1,,1,,1,,,,,,,,,,,,,,,,1,,2,,2,,4,,2,,,,,,,,,,,,,,,,61,,99,,10098,,17901,,2701,,1455,,,,,,,,,,,,,,,,,,,,,,,,
,585,,,,,,,,,,,,,,2,,1,,1,,1,,1,,,,,,,,,,,,,,,,1,,2,,1,,4,,2,,,,,,,,,,,,,,,,70,,102,,10697,,17353,,2552,,1416,,,,,,,,,,,,,,,,,,,,,,,,
,586,,,,,,,,,,,,,,2,,1,,1,,0,,1,,,,,,,,,,,,,,,,1,,2,,2,,6,,2,,,,,,,,,,,,,,,,75,,109,,11027,,16953,,2541,,1444,,,,,,,,,,,,,,,,,,,,,,,,
,587,,,,,,,,,,,,,,2,,1,,1,,1,,1,,,,,,,,,,,,,,,,1,,1,,1,,5,,3,,,,,,,,,,,,,,,,75,,115,,11502,,16566,,2342,,1397,,,,,,,,,,,,,,,,,,,,,,,,
,588,,,,,,,,,,,,,,2,,1,,1,,0,,1,,,,,,,,,,,,,,,,1,,1,,1,,5,,3,,,,,,,,,,,,,,,,80,,119,,12196,,15971,,2261,,1360,,,,,,,,,,,,,,,,,,,,,,,,
,589,,,,,,,,,,,,,,2,,1,,1,,0,,1,,,,,,,,,,,,,,,,1,,2,,1,,5,,4,,,,,,,,,,,,,,,,79,,134,,12690,,15189,,2151,,1371,,,,,,,,,,,,,,,,,,,,,,,,
,590,,,,,,,,,,,,,,2,,1,,1,,1,,1,,,,,,,,,,,,,,,,1,,2,,2,,3,,3,,,,,,,,,,,,,,,,89,,135,,13101,,14979,,2035,,1338,,,,,,,,,,,,,,,,,,,,,,,,
,591,,,,,,,,,,,,,,2,,1,,0,,0,,1,,,,,,,,,,,,,,,,1,,2,,1,,4,,3,,,,,,,,,,,,,,,,93,,141,,13502,,14260,,1944,,1347,,,,,,,,,,,,,,,,,,,,,,,,
,592,,,,,,,,,,,,,,2,,1,,1,,1,,1,,,,,,,,,,,,,,,,1,,1,,2,,5,,5,,,,,,,,,,,,,,,,96,,163,,13941,,13915,,1847,,1296,,,,,,,,,,,,,,,,,,,,,,,,
,593,,,,,,,,,,,,,,2,,1,,0,,1,,1,,,,,,,,,,,,,,,,1,,2,,2,,6,,4,,,,,,,,,,,,,,,,103,,187,,14321,,12996,,1781,,1279,,,,,,,,,,,,,,,,,,,,,,,,
,594,,,,,,,,,,,,,,2,,1,,1,,1,,1,,,,,,,,,,,,,,,,1,,2,,1,,5,,5,,,,,,,,,,,,,,,,108,,188,,14682,,12388,,1709,,1254,,,,,,,,,,,,,,,,,,,,,,,,
,595,,,,,,,,,,,,,,2,,1,,1,,1,,1,,,,,,,,,,,,,,,,1,,2,,1,,6,,5,,,,,,,,,,,,,,,,126,,208,,15043,,12007,,1621,,1230,,,,,,,,,,,,,,,,,,,,,,,,
,596,,,,,,,,,,,,,,2,,1,,1,,1,,1,,,,,,,,,,,,,,,,1,,1,,2,,6,,5,,,,,,,,,,,,,,,,131,,226,,15554,,11413,,1591,,1224,,,,,,,,,,,,,,,,,,,,,,,,
,597,,,,,,,,,,,,,,2,,1,,1,,1,,1,,,,,,,,,,,,,,,,1,,2,,1,,6,,6,,,,,,,,,,,,,,,,144,,252,,15515,,10485,,1491,,1157,,,,,,,,,,,,,,,,,,,,,,,,
,598,,,,,,,,,,,,,,2,,1,,1,,1,,1,,,,,,,,,,,,,,,,1,,1,,1,,4,,7,,,,,,,,,,,,,,,,156,,276,,15825,,9991,,1408,,1182,,,,,,,,,,,,,,,,,,,,,,,,
,599,,,,,,,,,,,,,,2,,1,,1,,0,,1,,,,,,,,,,,,,,,,1,,1,,2,,6,,7,,,,,,,,,,,,,,,,173,,300,,16070,,9646,,1385,,1193,,,,,,,,,,,,,,,,,,,,,,,,
,600,,,,,,,,,,,,,,2,,1,,1,,1,,1,,,,,,,,,,,,,,,,1,,1,,2,,7,,9,,,,,,,,,,,,,,,,192,,343,,16317,,9023,,1343,,1152,,,,,,,,,,,,,,,,,,,,,,,,
,601,,,,,,,,,,,,,,2,,1,,1,,1,,1,,,,,,,,,,,,,,,,1,,1,,2,,6,,9,,,,,,,,,,,,,,,,218,,385,,16162,,8383,,1259,,1111,,,,,,,,,,,,,,,,,,,,,,,,
,602,,,,,,,,,,,,,,3,,1,,1,,1,,1,,,,,,,,,,,,,,,,1,,2,,1,,7,,11,,,,,,,,,,,,,,,,233,,425,,16244,,7801,,1207,,1075,,,,,,,,,,,,,,,,,,,,,,,,
,603,,,,,,,,,,,,,,2,,1,,1,,1,,1,,,,,,,,,,,,,,,,1,,2,,2,,7,,12,,,,,,,,,,,,,,,,242,,452,,16503,,7411,,1168,,1047,,,,,,,,,,,,,,,,,,,,,,,,
,604,,,,,,,,,,,,,,2,,1,,0,,1,,2,,,,,,,,,,,,,,,,1,,1,,1,,8,,12,,,,,,,,,,,,,,,,274,,485,,16397,,6918,,1123,,1092,,,,,,,,,,,,,,,,,,,,,,,,
,605,,,,,,,,,,,,,,2,,1,,1,,1,,1,,,,,,,,,,,,,,,,1,,1,,2,,8,,13,,,,,,,,,,,,,,,,319,,581,,16196,,6563,,1098,,1037,,,,,,,,,,,,,,,,,,,,,,,,
,606,,,,,,,,,,,,,,2,,1,,0,,1,,1,,,,,,,,,,,,,,,,1,,1,,1,,8,,16,,,,,,,,,,,,,,,,356,,629,,16130,,6080,,1015,,1087,,,,,,,,,,,,,,,,,,,,,,,,
,607,,,,,,,,,,,,,,2,,1,,0,,1,,1,,,,,,,,,,,,,,,,1,,1,,2,,8,,17,,,,,,,,,,,,,,,,394,,682,,16024,,5713,,1032,,1047,,,,,,,,,,,,,,,,,,,,,,,,
,608,,,,,,,,,,,,,,3,,1,,1,,0,,1,,,,,,,,,,,,,,,,1,,2,,2,,9,,20,,,,,,,,,,,,,,,,418,,732,,15750,,5501,,966,,1031,,,,,,,,,,,,,,,,,,,,,,,,
,609,,,,,,,,,,,,,,2,,1,,1,,0,,1,,,,,,,,,,,,,,,,1,,2,,2,,9,,22,,,,,,,,,,,,,,,,467,,802,,15950,,5249,,960,,971,,,,,,,,,,,,,,,,,,,,,,,,
,610,,,,,,,,,,,,,,2,,1,,1,,0,,1,,,,,,,,,,,,,,,,1,,2,,3,,11,,24,,,,,,,,,,,,,,,,519,,893,,15710,,4841,,915,,992,,,,,,,,,,,,,,,,,,,,,,,,
,611,,,,,,,,,,,,,,2,,1,,1,,1,,1,,,,,,,,,,,,,,,,2,,1,,2,,11,,26,,,,,,,,,,,,,,,,577,,979,,15416,,4613,,927,,932,,,,,,,,,,,,,,,,,,,,,,,,
,612,,,,,,,,,,,,,,2,,1,,0,,1,,1,,,,,,,,,,,,,,,,0,,2,,1,,13,,28,,,,,,,,,,,,,,,,620,,986,,15266,,4495,,897,,995,,,,,,,,,,,,,,,,,,,,,,,,
,613,,,,,,,,,,,,,,2,,1,,0,,1,,1,,,,,,,,,,,,,,,,1,,2,,2,,13,,31,,,,,,,,,,,,,,,,690,,1095,,15106,,4288,,870,,943,,,,,,,,,,,,,,,,,,,,,,,,
,614,,,,,,,,,,,,,,2,,1,,1,,1,,1,,,,,,,,,,,,,,,,1,,1,,2,,12,,36,,,,,,,,,,,,,,,,770,,1172,,14864,,4016,,865,,944,,,,,,,,,,,,,,,,,,,,,,,,
,615,,,,,,,,,,,,,,2,,1,,0,,1,,1,,,,,,,,,,,,,,,,1,,2,,1,,12,,38,,,,,,,,,,,,,,,,844,,1305,,14609,,3762,,835,,899,,,,,,,,,,,,,,,,,,,,,,,,
,616,,,,,,,,,,,,,,2,,1,,0,,0,,1,,,,,,,,,,,,,,,,1,,2,,2,,14,,42,,,,,,,,,,,,,,,,958,,1378,,14203,,3526,,805,,906,,,,,,,,,,,,,,,,,,,,,,,,
,617,,,,,,,,,,,,,,2,,1,,1,,1,,1,,,,,,,,,,,,,,,,1,,2,,2,,16,,46,,,,,,,,,,,,,,,,1045,,1465,,13845,,3499,,762,,858,,,,,,,,,,,,,,,,,,,,,,,,
,618,,,,,,,,,,,,,,2,,1,,1,,0,,1,,,,,,,,,,,,,,,,1,,2,,1,,19,,53,,,,,,,,,,,,,,,,1135,,1599,,13505,,3312,,783,,879,,,,,,,,,,,,,,,,,,,,,,,,
,619,,,,,,,,,,,,,,2,,1,,1,,0,,1,,,,,,,,,,,,,,,,1,,2,,1,,19,,58,,,,,,,,,,,,,,,,1288,,1740,,13144,,3057,,742,,869,,,,,,,,,,,,,,,,,,,,,,,,
,620,,,,,,,,,,,,,,2,,0,,1,,1,,1,,,,,,,,,,,,,,,,1,,3,,2,,20,,65,,,,,,,,,,,,,,,,1451,,1850,,12844,,2857,,733,,870,,,,,,,,,,,,,,,,,,,,,,,,
,621,,,,,,,,,,,,,,2,,1,,1,,1,,1,,,,,,,,,,,,,,,,1,,2,,2,,21,,72,,,,,,,,,,,,,,,,1570,,1896,,12324,,2733,,713,,853,,,,,,,,,,,,,,,,,,,,,,,,
,622,,,,,,,,,,,,,,2,,1,,0,,1,,1,,,,,,,,,,,,,,,,2,,3,,2,,24,,82,,,,,,,,,,,,,,,,1801,,2117,,12196,,2565,,705,,804,,,,,,,,,,,,,,,,,,,,,,,,
,623,,,,,,,,,,,,,,2,,1,,1,,1,,1,,,,,,,,,,,,,,,,2,,2,,2,,26,,95,,,,,,,,,,,,,,,,2055,,2293,,11827,,2369,,688,,790,,,,,,,,,,,,,,,,,,,,,,,,
,624,,,,,,,,,,,,,,2,,1,,0,,1,,1,,,,,,,,,,,,,,,,1,,3,,2,,28,,105,,,,,,,,,,,,,,,,2350,,2407,,11415,,2231,,645,,841,,,,,,,,,,,,,,,,,,,,,,,,
,625,,,,,,,,,,,,,,2,,1,,1,,1,,1,,,,,,,,,,,,,,,,1,,3,,4,,30,,119,,,,,,,,,,,,,,,,2541,,2538,,11059,,2136,,604,,775,,,,,,,,,,,,,,,,,,,,,,,,
,626,,,,,,,,,,,,,,2,,1,,1,,1,,2,,,,,,,,,,,,,,,,1,,2,,3,,32,,129,,,,,,,,,,,,,,,,2884,,2585,,10759,,2048,,635,,774,,,,,,,,,,,,,,,,,,,,,,,,
,627,,,,,,,,,,,,,,2,,1,,1,,1,,1,,,,,,,,,,,,,,,,2,,4,,3,,36,,145,,,,,,,,,,,,,,,,3244,,2855,,10505,,1898,,589,,767,,,,,,,,,,,,,,,,,,,,,,,,
,628,,,,,,,,,,,,,,2,,0,,1,,1,,1,,,,,,,,,,,,,,,,2,,4,,4,,40,,168,,,,,,,,,,,,,,,,3614,,2994,,9956,,1836,,583,,719,,,,,,,,,,,,,,,,,,,,,,,,
,629,,,,,,,,,,,,,,2,,0,,1,,1,,2,,,,,,,,,,,,,,,,3,,5,,4,,43,,183,,,,,,,,,,,,,,,,4001,,3060,,9889,,1659,,572,,748,,,,,,,,,,,,,,,,,,,,,,,,
,630,,,,,,,,,,,,,,2,,1,,0,,1,,2,,,,,,,,,,,,,,,,3,,3,,5,,51,,203,,,,,,,,,,,,,,,,4404,,3094,,9511,,1645,,560,,723,,,,,,,,,,,,,,,,,,,,,,,,
,631,,,,,,,,,,,,,,1,,1,,1,,1,,1,,,,,,,,,,,,,,,,3,,3,,5,,51,,224,,,,,,,,,,,,,,,,4858,,3234,,9231,,1532,,549,,729,,,,,,,,,,,,,,,,,,,,,,,,
,632,,,,,,,,,,,,,,2,,1,,1,,1,,2,,,,,,,,,,,,,,,,2,,4,,4,,61,,246,,,,,,,,,,,,,,,,5235,,3355,,8960,,1511,,552,,720,,,,,,,,,,,,,,,,,,,,,,,,
,633,,,,,,,,,,,,,,2,,1,,0,,1,,2,,,,,,,,,,,,,,,,3,,4,,4,,66,,271,,,,,,,,,,,,,,,,5723,,3411,,8787,,1407,,526,,694,,,,,,,,,,,,,,,,,,,,,,,,
,634,,,,,,,,,,,,,,3,,1,,1,,2,,2,,,,,,,,,,,,,,,,2,,6,,6,,67,,304,,,,,,,,,,,,,,,,6347,,3487,,8611,,1333,,503,,669,,,,,,,,,,,,,,,,,,,,,,,,
,635,,,,,,,,,,,,,,2,,1,,1,,2,,1,,,,,,,,,,,,,,,,2,,4,,6,,75,,333,,,,,,,,,,,,,,,,6951,,3582,,8253,,1242,,532,,676,,,,,,,,,,,,,,,,,,,,,,,,
,636,,,,,,,,,,,,,,3,,0,,1,,2,,2,,,,,,,,,,,,,,,,4,,6,,6,,75,,354,,,,,,,,,,,,,,,,7399,,3655,,8110,,1219,,547,,621,,,,,,,,,,,,,,,,,,,,,,,,
,637,,,,,,,,,,,,,,2,,1,,1,,2,,2,,,,,,,,,,,,,,,,4,,6,,7,,88,,401,,,,,,,,,,,,,,,,7936,,3739,,7815,,1174,,512,,720,,,,,,,,,,,,,,,,,,,,,,,,
,638,,,,,,,,,,,,,,2,,1,,1,,1,,2,,,,,,,,,,,,,,,,4,,8,,8,,91,,440,,,,,,,,,,,,,,,,8741,,3757,,7705,,1129,,511,,657,,,,,,,,,,,,,,,,,,,,,,,,
,639,,,,,,,,,,,,,,2,,1,,1,,2,,2,,,,,,,,,,,,,,,,4,,8,,10,,98,,483,,,,,,,,,,,,,,,,9569,,3712,,7407,,1084,,447,,649,,,,,,,,,,,,,,,,,,,,,,,,
,640,,,,,,,,,,,,,,2,,1,,0,,2,,3,,,,,,,,,,,,,,,,5,,8,,10,,110,,541,,,,,,,,,,,,,,,,10430,,3786,,7206,,1037,,464,,687,,,,,,,,,,,,,,,,,,,,,,,,
,641,,,,,,,,,,,,,,2,,1,,1,,2,,3,,,,,,,,,,,,,,,,5,,10,,10,,119,,582,,,,,,,,,,,,,,,,11039,,3886,,7020,,980,,470,,638,,,,,,,,,,,,,,,,,,,,,,,,
,642,,,,,,,,,,,,,,2,,1,,1,,3,,3,,,,,,,,,,,,,,,,4,,11,,9,,130,,648,,,,,,,,,,,,,,,,11916,,3895,,6759,,994,,431,,633,,,,,,,,,,,,,,,,,,,,,,,,
,643,,,,,,,,,,,,,,2,,1,,1,,3,,3,,,,,,,,,,,,,,,,5,,14,,10,,145,,722,,,,,,,,,,,,,,,,13083,,3895,,6704,,952,,443,,648,,,,,,,,,,,,,,,,,,,,,,,,
,644,,,,,,,,,,,,,,3,,1,,1,,4,,3,,,,,,,,,,,,,,,,7,,12,,13,,160,,803,,,,,,,,,,,,,,,,14488,,3946,,6497,,878,,400,,624,,,,,,,,,,,,,,,,,,,,,,,,
,645,,,,,,,,,,,,,,3,,1,,1,,4,,3,,,,,,,,,,,,,,,,7,,15,,13,,174,,901,,,,,,,,,,,,,,,,15498,,3920,,6161,,830,,445,,604,,,,,,,,,,,,,,,,,,,,,,,,
,646,,,,,,,,,,,,,,3,,1,,1,,5,,4,,,,,,,,,,,,,,,,7,,16,,14,,191,,981,,,,,,,,,,,,,,,,16570,,3946,,6001,,783,,412,,605,,,,,,,,,,,,,,,,,,,,,,,,
,647,,,,,,,,,,,,,,3,,1,,1,,4,,4,,,,,,,,,,,,,,,,9,,18,,17,,203,,1119,,,,,,,,,,,,,,,,17731,,3884,,5853,,766,,425,,581,,,,,,,,,,,,,,,,,,,,,,,,
,648,,,,,,,,,,,,,,3,,1,,1,,6,,6,,,,,,,,,,,,,,,,12,,21,,18,,227,,1244,,,,,,,,,,,,,,,,19011,,3896,,5604,,694,,405,,600,,,,,,,,,,,,,,,,,,,,,,,,
,649,,,,,,,,,,,,,,3,,1,,1,,5,,5,,,,,,,,,,,,,,,,13,,24,,22,,247,,1400,,,,,,,,,,,,,,,,20463,,3862,,5472,,715,,394,,581,,,,,,,,,,,,,,,,,,,,,,,,
,650,,,,,,,,,,,,,,4,,1,,1,,5,,7,,,,,,,,,,,,,,,,12,,25,,24,,290,,1547,,,,,,,,,,,,,,,,22055,,3719,,5293,,669,,393,,558,,,,,,,,,,,,,,,,,,,,,,,,
,651,,,,,,,,,,,,,,3,,1,,2,,7,,6,,,,,,,,,,,,,,,,14,,29,,30,,312,,1737,,,,,,,,,,,,,,,,23420,,3732,,5098,,670,,366,,523,,,,,,,,,,,,,,,,,,,,,,,,
,652,,,,,,,,,,,,,,3,,2,,1,,7,,8,,,,,,,,,,,,,,,,16,,28,,26,,324,,1886,,,,,,,,,,,,,,,,24156,,3648,,5033,,630,,379,,557,,,,,,,,,,,,,,,,,,,,,,,,
,653,,,,,,,,,,,,,,3,,2,,1,,8,,8,,,,,,,,,,,,,,,,18,,34,,32,,362,,2068,,,,,,,,,,,,,,,,25640,,3614,,4842,,589,,359,,528,,,,,,,,,,,,,,,,,,,,,,,,
,654,,,,,,,,,,,,,,5,,2,,1,,8,,8,,,,,,,,,,,,,,,,17,,34,,33,,404,,2252,,,,,,,,,,,,,,,,26685,,3623,,4700,,574,,382,,539,,,,,,,,,,,,,,,,,,,,,,,,
,655,,,,,,,,,,,,,,4,,1,,2,,10,,9,,,,,,,,,,,,,,,,18,,36,,38,,436,,2491,,,,,,,,,,,,,,,,27845,,3635,,4466,,575,,364,,564,,,,,,,,,,,,,,,,,,,,,,,,
,656,,,,,,,,,,,,,,4,,2,,1,,10,,11,,,,,,,,,,,,,,,,22,,47,,38,,477,,2721,,,,,,,,,,,,,,,,28966,,3549,,4521,,542,,353,,515,,,,,,,,,,,,,,,,,,,,,,,,
,657,,,,,,,,,,,,,,4,,1,,2,,11,,11,,,,,,,,,,,,,,,,23,,45,,42,,503,,2892,,,,,,,,,,,,,,,,29626,,3529,,4362,,529,,347,,503,,,,,,,,,,,,,,,,,,,,,,,,
,658,,,,,,,,,,,,,,5,,1,,2,,11,,13,,,,,,,,,,,,,,,,27,,49,,46,,527,,3186,,,,,,,,,,,,,,,,30766,,3493,,4217,,516,,340,,533,,,,,,,,,,,,,,,,,,,,,,,,
,659,,,,,,,,,,,,,,5,,2,,2,,14,,14,,,,,,,,,,,,,,,,28,,55,,51,,591,,3473,,,,,,,,,,,,,,,,31722,,3335,,4098,,498,,335,,501,,,,,,,,,,,,,,,,,,,,,,,,
,660,,,,,,,,,,,,,,5,,2,,2,,14,,13,,,,,,,,,,,,,,,,31,,60,,55,,622,,3775,,,,,,,,,,,,,,,,32633,,3331,,3964,,476,,336,,498,,,,,,,,,,,,,,,,,,,,,,,,
,661,,,,,,,,,,,,,,7,,2,,2,,17,,17,,,,,,,,,,,,,,,,35,,62,,61,,701,,4146,,,,,,,,,,,,,,,,32964,,3266,,3894,,478,,341,,531,,,,,,,,,,,,,,,,,,,,,,,,
,662,,,,,,,,,,,,,,6,,3,,2,,16,,16,,,,,,,,,,,,,,,,35,,73,,66,,740,,4533,,,,,,,,,,,,,,,,33872,,3197,,3735,,419,,306,,487,,,,,,,,,,,,,,,,,,,,,,,,
,663,,,,,,,,,,,,,,7,,3,,3,,17,,19,,,,,,,,,,,,,,,,38,,75,,73,,797,,4875,,,,,,,,,,,,,,,,34999,,3204,,3743,,416,,327,,468,,,,,,,,,,,,,,,,,,,,,,,,
,664,,,,,,,,,,,,,,7,,3,,3,,20,,21,,,,,,,,,,,,,,,,45,,92,,78,,878,,5368,,,,,,,,,,,,,,,,35476,,3117,,3595,,416,,283,,483,,,,,,,,,,,,,,,,,,,,,,,,
,665,,,,,,,,,,,,,,7,,3,,3,,25,,25,,,,,,,,,,,,,,,,55,,94,,86,,977,,5861,,,,,,,,,,,,,,,,36210,,3029,,3387,,391,,323,,477,,,,,,,,,,,,,,,,,,,,,,,,
,666,,,,,,,,,,,,,,8,,3,,3,,25,,28,,,,,,,,,,,,,,,,53,,103,,93,,1054,,6497,,,,,,,,,,,,,,,,36671,,2936,,3314,,366,,318,,463,,,,,,,,,,,,,,,,,,,,,,,,
,667,,,,,,,,,,,,,,10,,3,,2,,26,,30,,,,,,,,,,,,,,,,61,,112,,115,,1152,,7074,,,,,,,,,,,,,,,,37308,,2878,,3145,,370,,296,,464,,,,,,,,,,,,,,,,,,,,,,,,
,668,,,,,,,,,,,,,,11,,5,,3,,30,,31,,,,,,,,,,,,,,,,66,,126,,113,,1203,,7611,,,,,,,,,,,,,,,,37488,,2766,,3082,,363,,301,,450,,,,,,,,,,,,,,,,,,,,,,,,
,669,,,,,,,,,,,,,,11,,5,,5,,34,,37,,,,,,,,,,,,,,,,74,,145,,136,,1397,,8510,,,,,,,,,,,,,,,,38183,,2653,,2981,,376,,318,,446,,,,,,,,,,,,,,,,,,,,,,,,
,670,,,,,,,,,,,,,,11,,5,,4,,38,,40,,,,,,,,,,,,,,,,82,,164,,139,,1529,,9260,,,,,,,,,,,,,,,,37922,,2456,,2799,,337,,298,,445,,,,,,,,,,,,,,,,,,,,,,,,
,671,,,,,,,,,,,,,,13,,6,,5,,40,,38,,,,,,,,,,,,,,,,94,,181,,161,,1647,,10099,,,,,,,,,,,,,,,,37970,,2420,,2753,,337,,308,,471,,,,,,,,,,,,,,,,,,,,,,,,
,672,,,,,,,,,,,,,,14,,8,,5,,45,,47,,,,,,,,,,,,,,,,101,,198,,185,,1782,,11041,,,,,,,,,,,,,,,,37676,,2260,,2675,,280,,311,,431,,,,,,,,,,,,,,,,,,,,,,,,
,673,,,,,,,,,,,,,,15,,7,,7,,49,,50,,,,,,,,,,,,,,,,110,,219,,192,,2016,,11874,,,,,,,,,,,,,,,,37584,,2258,,2545,,293,,277,,441,,,,,,,,,,,,,,,,,,,,,,,,
,674,,,,,,,,,,,,,,16,,6,,6,,53,,57,,,,,,,,,,,,,,,,119,,224,,220,,2141,,12557,,,,,,,,,,,,,,,,37432,,2146,,2435,,295,,290,,395,,,,,,,,,,,,,,,,,,,,,,,,
,675,,,,,,,,,,,,,,19,,7,,8,,62,,66,,,,,,,,,,,,,,,,133,,259,,233,,2328,,13416,,,,,,,,,,,,,,,,36918,,2112,,2335,,288,,294,,437,,,,,,,,,,,,,,,,,,,,,,,,
,676,,,,,,,,,,,,,,18,,9,,8,,69,,69,,,,,,,,,,,,,,,,142,,293,,251,,2503,,14343,,,,,,,,,,,,,,,,36692,,1963,,2155,,257,,270,,393,,,,,,,,,,,,,,,,,,,,,,,,
,677,,,,,,,,,,,,,,19,,9,,9,,78,,70,,,,,,,,,,,,,,,,155,,313,,291,,2745,,15386,,,,,,,,,,,,,,,,35954,,1893,,2225,,286,,251,,440,,,,,,,,,,,,,,,,,,,,,,,,
,678,,,,,,,,,,,,,,24,,10,,10,,82,,81,,,,,,,,,,,,,,,,176,,336,,303,,2976,,16158,,,,,,,,,,,,,,,,35644,,1796,,2085,,263,,264,,425,,,,,,,,,,,,,,,,,,,,,,,,
,679,,,,,,,,,,,,,,25,,10,,9,,93,,88,,,,,,,,,,,,,,,,183,,364,,327,,3240,,16971,,,,,,,,,,,,,,,,34814,,1763,,2008,,248,,280,,403,,,,,,,,,,,,,,,,,,,,,,,,
,680,,,,,,,,,,,,,,27,,12,,10,,90,,91,,,,,,,,,,,,,,,,193,,381,,343,,3354,,17625,,,,,,,,,,,,,,,,34623,,1669,,2037,,249,,248,,393,,,,,,,,,,,,,,,,,,,,,,,,
,681,,,,,,,,,,,,,,27,,13,,15,,100,,104,,,,,,,,,,,,,,,,221,,417,,391,,3613,,18427,,,,,,,,,,,,,,,,33530,,1555,,1881,,225,,251,,410,,,,,,,,,,,,,,,,,,,,,,,,
,682,,,,,,,,,,,,,,31,,14,,12,,113,,112,,,,,,,,,,,,,,,,242,,471,,421,,3937,,19442,,,,,,,,,,,,,,,,33421,,1527,,1799,,244,,265,,396,,,,,,,,,,,,,,,,,,,,,,,,
,683,,,,,,,,,,,,,,32,,16,,14,,121,,119,,,,,,,,,,,,,,,,262,,527,,459,,4304,,19974,,,,,,,,,,,,,,,,32123,,1496,,1759,,216,,260,,366,,,,,,,,,,,,,,,,,,,,,,,,
,684,,,,,,,,,,,,,,36,,16,,16,,132,,137,,,,,,,,,,,,,,,,285,,580,,504,,4660,,20894,,,,,,,,,,,,,,,,31724,,1388,,1651,,226,,253,,390,,,,,,,,,,,,,,,,,,,,,,,,
,685,,,,,,,,,,,,,,38,,17,,15,,141,,148,,,,,,,,,,,,,,,,317,,609,,549,,4976,,21785,,,,,,,,,,,,,,,,30577,,1344,,1705,,195,,256,,361,,,,,,,,,,,,,,,,,,,,,,,,
,686,,,,,,,,,,,,,,48,,21,,18,,158,,162,,,,,,,,,,,,,,,,349,,678,,591,,5498,,22489,,,,,,,,,,,,,,,,29475,,1236,,1617,,214,,222,,371,,,,,,,,,,,,,,,,,,,,,,,,
,687,,,,,,,,,,,,,,43,,21,,20,,171,,181,,,,,,,,,,,,,,,,365,,719,,647,,5849,,22934,,,,,,,,,,,,,,,,29275,,1200,,1468,,220,,229,,371,,,,,,,,,,,,,,,,,,,,,,,,
,688,,,,,,,,,,,,,,46,,26,,21,,190,,184,,,,,,,,,,,,,,,,408,,790,,720,,6301,,23642,,,,,,,,,,,,,,,,27854,,1094,,1421,,198,,272,,364,,,,,,,,,,,,,,,,,,,,,,,,
,689,,,,,,,,,,,,,,56,,24,,25,,205,,216,,,,,,,,,,,,,,,,448,,886,,799,,6846,,24200,,,,,,,,,,,,,,,,26506,,990,,1373,,204,,233,,364,,,,,,,,,,,,,,,,,,,,,,,,
,690,,,,,,,,,,,,,,63,,31,,27,,236,,235,,,,,,,,,,,,,,,,481,,979,,874,,7489,,24724,,,,,,,,,,,,,,,,25971,,982,,1363,,163,,237,,377,,,,,,,,,,,,,,,,,,,,,,,,
,691,,,,,,,,,,,,,,68,,33,,27,,250,,270,,,,,,,,,,,,,,,,563,,1092,,978,,8390,,25085,,,,,,,,,,,,,,,,25018,,944,,1220,,182,,219,,373,,,,,,,,,,,,,,,,,,,,,,,,
,692,,,,,,,,,,,,,,74,,37,,30,,277,,297,,,,,,,,,,,,,,,,629,,1199,,1070,,9065,,25119,,,,,,,,,,,,,,,,23211,,871,,1194,,218,,234,,360,,,,,,,,,,,,,,,,,,,,,,,,
,693,,,,,,,,,,,,,,78,,38,,34,,302,,307,,,,,,,,,,,,,,,,639,,1287,,1165,,9687,,25681,,,,,,,,,,,,,,,,22665,,823,,1105,,159,,228,,329,,,,,,,,,,,,,,,,,,,,,,,,
,694,,,,,,,,,,,,,,84,,38,,34,,333,,346,,,,,,,,,,,,,,,,742,,1440,,1270,,10546,,25626,,,,,,,,,,,,,,,,21287,,769,,1077,,149,,251,,350,,,,,,,,,,,,,,,,,,,,,,,,
,695,,,,,,,,,,,,,,97,,48,,44,,371,,373,,,,,,,,,,,,,,,,784,,1594,,1395,,11478,,25670,,,,,,,,,,,,,,,,20433,,717,,1034,,178,,222,,345,,,,,,,,,,,,,,,,,,,,,,,,
,696,,,,,,,,,,,,,,108,,51,,48,,402,,421,,,,,,,,,,,,,,,,912,,1752,,1594,,12663,,25510,,,,,,,,,,,,,,,,19733,,668,,988,,173,,194,,345,,,,,,,,,,,,,,,,,,,,,,,,
,697,,,,,,,,,,,,,,124,,57,,50,,453,,469,,,,,,,,,,,,,,,,979,,1888,,1693,,13865,,25556,,,,,,,,,,,,,,,,18222,,657,,963,,146,,204,,339,,,,,,,,,,,,,,,,,,,,,,,,
,698,,,,,,,,,,,,,,126,,59,,51,,506,,492,,,,,,,,,,,,,,,,1097,,2122,,1881,,14657,,25306,,,,,,,,,,,,,,,,17484,,642,,923,,159,,177,,367,,,,,,,,,,,,,,,,,,,,,,,,
,699,,,,,,,,,,,,,,140,,68,,61,,530,,555,,,,,,,,,,,,,,,,1147,,2334,,1977,,15860,,25110,,,,,,,,,,,,,,,,16916,,570,,829,,127,,192,,340,,,,,,,,,,,,,,,,,,,,,,,,
,700,,,,,,,,,,,,,,155,,66,,65,,576,,590,,,,,,,,,,,,,,,,1222,,2476,,2148,,16992,,25008,,,,,,,,,,,,,,,,15926,,537,,816,,158,,202,,377,,,,,,,,,,,,,,,,,,,,,,,,
,701,,,,,,,,,,,,,,169,,81,,71,,633,,635,,,,,,,,,,,,,,,,1348,,2689,,2349,,17810,,24536,,,,,,,,,,,,,,,,15274,,546,,827,,137,,211,,316,,,,,,,,,,,,,,,,,,,,,,,,
,702,,,,,,,,,,,,,,176,,82,,74,,683,,719,,,,,,,,,,,,,,,,1459,,2935,,2561,,19253,,24254,,,,,,,,,,,,,,,,14379,,468,,778,,171,,206,,331,,,,,,,,,,,,,,,,,,,,,,,,
,703,,,,,,,,,,,,,,188,,94,,81,,760,,775,,,,,,,,,,,,,,,,1601,,3196,,2790,,20578,,23769,,,,,,,,,,,,,,,,13832,,436,,706,,140,,208,,314,,,,,,,,,,,,,,,,,,,,,,,,
,704,,,,,,,,,,,,,,208,,98,,88,,816,,825,,,,,,,,,,,,,,,,1747,,3457,,3035,,21828,,23111,,,,,,,,,,,,,,,,12928,,419,,732,,146,,207,,300,,,,,,,,,,,,,,,,,,,,,,,,
,705,,,,,,,,,,,,,,222,,110,,92,,887,,896,,,,,,,,,,,,,,,,1909,,3759,,3289,,23377,,22536,,,,,,,,,,,,,,,,12399,,421,,671,,166,,193,,308,,,,,,,,,,,,,,,,,,,,,,,,
,706,,,,,,,,,,,,,,245,,116,,107,,963,,972,,,,,,,,,,,,,,,,2053,,4122,,3486,,24624,,21783,,,,,,,,,,,,,,,,11405,,395,,608,,154,,179,,329,,,,,,,,,,,,,,,,,,,,,,,,
,707,,,,,,,,,,,,,,273,,135,,117,,1037,,1081,,,,,,,,,,,,,,,,2257,,4467,,3823,,25624,,21102,,,,,,,,,,,,,,,,10554,,372,,631,,127,,177,,296,,,,,,,,,,,,,,,,,,,,,,,,
,708,,,,,,,,,,,,,,285,,134,,119,,1139,,1132,,,,,,,,,,,,,,,,2388,,4650,,3902,,26929,,20524,,,,,,,,,,,,,,,,10112,,391,,587,,140,,164,,319,,,,,,,,,,,,,,,,,,,,,,,,
,709,,,,,,,,,,,,,,308,,146,,133,,1194,,1267,,,,,,,,,,,,,,,,2537,,5032,,4240,,28362,,19605,,,,,,,,,,,,,,,,9378,,313,,540,,139,,183,,324,,,,,,,,,,,,,,,,,,,,,,,,
,710,,,,,,,,,,,,,,345,,160,,143,,1263,,1344,,,,,,,,,,,,,,,,2846,,5542,,4709,,30186,,18651,,,,,,,,,,,,,,,,8806,,300,,483,,107,,178,,273,,,,,,,,,,,,,,,,,,,,,,,,
,711,,,,,,,,,,,,,,375,,179,,159,,1441,,1454,,,,,,,,,,,,,,,,3028,,5994,,5006,,30776,,17628,,,,,,,,,,,,,,,,8104,,273,,466,,117,,173,,296,,,,,,,,,,,,,,,,,,,,,,,,
,712,,,,,,,,,,,,,,404,,187,,168,,1538,,1578,,,,,,,,,,,,,,,,3294,,6480,,5361,,32687,,16572,,,,,,,,,,,,,,,,7434,,293,,476,,103,,171,,302,,,,,,,,,,,,,,,,,,,,,,,,
,713,,,,,,,,,,,,,,445,,198,,191,,1684,,1744,,,,,,,,,,,,,,,,3533,,6920,,5766,,33418,,15597,,,,,,,,,,,,,,,,6908,,252,,428,,124,,163,,280,,,,,,,,,,,,,,,,,,,,,,,,
,714,,,,,,,,,,,,,,466,,230,,207,,1873,,1952,,,,,,,,,,,,,,,,4027,,7824,,6436,,34996,,14332,,,,,,,,,,,,,,,,6195,,224,,389,,106,,130,,278,,,,,,,,,,,,,,,,,,,,,,,,
,715,,,,,,,,,,,,,,504,,237,,223,,1991,,2017,,,,,,,,,,,,,,,,4167,,8104,,6648,,36304,,13837,,,,,,,,,,,,,,,,5855,,216,,403,,90,,129,,255,,,,,,,,,,,,,,,,,,,,,,,,
,716,,,,,,,,,,,,,,542,,269,,230,,2112,,2171,,,,,,,,,,,,,,,,4530,,8775,,7162,,36712,,13021,,,,,,,,,,,,,,,,5439,,200,,327,,94,,151,,269,,,,,,,,,,,,,,,,,,,,,,,,
,717,,,,,,,,,,,,,,600,,295,,250,,2394,,2352,,,,,,,,,,,,,,,,4937,,9556,,7658,,37962,,12217,,,,,,,,,,,,,,,,4906,,184,,362,,91,,137,,232,,,,,,,,,,,,,,,,,,,,,,,,
,718,,,,,,,,,,,,,,649,,309,,272,,2623,,2587,,,,,,,,,,,,,,,,5291,,10478,,8248,,38537,,11470,,,,,,,,,,,,,,,,4543,,190,,359,,102,,145,,234,,,,,,,,,,,,,,,,,,,,,,,,
,719,,,,,,,,,,,,,,703,,346,,307,,2779,,2799,,,,,,,,,,,,,,,,5706,,10923,,8687,,40073,,10844,,,,,,,,,,,,,,,,4527,,161,,298,,100,,119,,232,,,,,,,,,,,,,,,,,,,,,,,,
,720,,,,,,,,,,,,,,779,,372,,336,,3025,,3050,,,,,,,,,,,,,,,,6186,,11815,,9320,,40540,,10307,,,,,,,,,,,,,,,,4087,,174,,289,,81,,135,,217,,,,,,,,,,,,,,,,,,,,,,,,
,721,,,,,,,,,,,,,,802,,416,,357,,3254,,3320,,,,,,,,,,,,,,,,6733,,12690,,9846,,40727,,9701,,,,,,,,,,,,,,,,3806,,150,,303,,92,,127,,246,,,,,,,,,,,,,,,,,,,,,,,,
,722,,,,,,,,,,,,,,887,,429,,396,,3482,,3575,,,,,,,,,,,,,,,,7090,,13575,,10361,,41476,,9241,,,,,,,,,,,,,,,,3693,,158,,303,,96,,148,,254,,,,,,,,,,,,,,,,,,,,,,,,
,723,,,,,,,,,,,,,,980,,470,,429,,3747,,3811,,,,,,,,,,,,,,,,7640,,14432,,10925,,41726,,8800,,,,,,,,,,,,,,,,3533,,143,,274,,60,,137,,228,,,,,,,,,,,,,,,,,,,,,,,,
,724,,,,,,,,,,,,,,1041,,493,,448,,3956,,4013,,,,,,,,,,,,,,,,7968,,14959,,11266,,42208,,8685,,,,,,,,,,,,,,,,3315,,142,,273,,97,,136,,264,,,,,,,,,,,,,,,,,,,,,,,,
,725,,,,,,,,,,,,,,1102,,536,,478,,4279,,4327,,,,,,,,,,,,,,,,8512,,15849,,11768,,42586,,8179,,,,,,,,,,,,,,,,3159,,134,,271,,67,,136,,217,,,,,,,,,,,,,,,,,,,,,,,,
,726,,,,,,,,,,,,,,1203,,570,,527,,4617,,4603,,,,,,,,,,,,,,,,9164,,16720,,12535,,43743,,7797,,,,,,,,,,,,,,,,3004,,130,,234,,93,,136,,271,,,,,,,,,,,,,,,,,,,,,,,,
,727,,,,,,,,,,,,,,1300,,615,,554,,4998,,5063,,,,,,,,,,,,,,,,9779,,18068,,13036,,43589,,7410,,,,,,,,,,,,,,,,2892,,126,,230,,75,,150,,224,,,,,,,,,,,,,,,,,,,,,,,,
,728,,,,,,,,,,,,,,1376,,673,,605,,5419,,5269,,,,,,,,,,,,,,,,10479,,18863,,13811,,44423,,7085,,,,,,,,,,,,,,,,2756,,127,,231,,87,,124,,185,,,,,,,,,,,,,,,,,,,,,,,,
,729,,,,,,,,,,,,,,1513,,717,,677,,5716,,5810,,,,,,,,,,,,,,,,11127,,19978,,14195,,43539,,6709,,,,,,,,,,,,,,,,2632,,108,,231,,63,,126,,214,,,,,,,,,,,,,,,,,,,,,,,,
,730,,,,,,,,,,,,,,1664,,767,,720,,6202,,6259,,,,,,,,,,,,,,,,12086,,21294,,15017,,43713,,6388,,,,,,,,,,,,,,,,2439,,101,,215,,85,,125,,202,,,,,,,,,,,,,,,,,,,,,,,,
,731,,,,,,,,,,,,,,1807,,851,,755,,6766,,6625,,,,,,,,,,,,,,,,12605,,22293,,15444,,44172,,6042,,,,,,,,,,,,,,,,2398,,102,,202,,85,,136,,206,,,,,,,,,,,,,,,,,,,,,,,,
,732,,,,,,,,,,,,,,1898,,912,,827,,7240,,7164,,,,,,,,,,,,,,,,13382,,23516,,16133,,44125,,5921,,,,,,,,,,,,,,,,2267,,110,,188,,81,,122,,205,,,,,,,,,,,,,,,,,,,,,,,,
,733,,,,,,,,,,,,,,2114,,1000,,886,,7764,,7698,,,,,,,,,,,,,,,,14342,,24629,,16723,,43521,,5552,,,,,,,,,,,,,,,,2143,,104,,214,,79,,154,,197,,,,,,,,,,,,,,,,,,,,,,,,
,734,,,,,,,,,,,,,,2306,,1104,,957,,8523,,8226,,,,,,,,,,,,,,,,15277,,25925,,17183,,43753,,5287,,,,,,,,,,,,,,,,2044,,103,,173,,78,,108,,179,,,,,,,,,,,,,,,,,,,,,,,,
,735,,,,,,,,,,,,,,2484,,1179,,1072,,9292,,8937,,,,,,,,,,,,,,,,16333,,27232,,17831,,43168,,5012,,,,,,,,,,,,,,,,1889,,100,,219,,91,,140,,216,,,,,,,,,,,,,,,,,,,,,,,,
,736,,,,,,,,,,,,,,2772,,1295,,1149,,10075,,9591,,,,,,,,,,,,,,,,17725,,28623,,18426,,41853,,4629,,,,,,,,,,,,,,,,1809,,76,,184,,77,,100,,208,,,,,,,,,,,,,,,,,,,,,,,,
,737,,,,,,,,,,,,,,3004,,1418,,1286,,10796,,10263,,,,,,,,,,,,,,,,18524,,29590,,18537,,41838,,4358,,,,,,,,,,,,,,,,1683,,63,,208,,91,,143,,232,,,,,,,,,,,,,,,,,,,,,,,,
,738,,,,,,,,,,,,,,3257,,1529,,1381,,11900,,10796,,,,,,,,,,,,,,,,19707,,30492,,19035,,39979,,4191,,,,,,,,,,,,,,,,1662,,87,,168,,80,,132,,167,,,,,,,,,,,,,,,,,,,,,,,,
,739,,,,,,,,,,,,,,3581,,1678,,1508,,12690,,11659,,,,,,,,,,,,,,,,20557,,31701,,19126,,38975,,3877,,,,,,,,,,,,,,,,1486,,78,,151,,80,,121,,181,,,,,,,,,,,,,,,,,,,,,,,,
,740,,,,,,,,,,,,,,3902,,1787,,1642,,13499,,12447,,,,,,,,,,,,,,,,21530,,32177,,19402,,37867,,3670,,,,,,,,,,,,,,,,1486,,76,,172,,67,,144,,198,,,,,,,,,,,,,,,,,,,,,,,,
,741,,,,,,,,,,,,,,4235,,1918,,1733,,14317,,12795,,,,,,,,,,,,,,,,22462,,32868,,19671,,36430,,3407,,,,,,,,,,,,,,,,1362,,78,,183,,69,,78,,128,,,,,,,,,,,,,,,,,,,,,,,,
,742,,,,,,,,,,,,,,4458,,2028,,1790,,15285,,13769,,,,,,,,,,,,,,,,22921,,33371,,19567,,36173,,3332,,,,,,,,,,,,,,,,1299,,79,,152,,75,,127,,176,,,,,,,,,,,,,,,,,,,,,,,,
,743,,,,,,,,,,,,,,4747,,2171,,1938,,15936,,14232,,,,,,,,,,,,,,,,23943,,33611,,19524,,34899,,3078,,,,,,,,,,,,,,,,1271,,79,,182,,84,,137,,168,,,,,,,,,,,,,,,,,,,,,,,,
,744,,,,,,,,,,,,,,5083,,2254,,2093,,16699,,14668,,,,,,,,,,,,,,,,24609,,33857,,19393,,33221,,2955,,,,,,,,,,,,,,,,1107,,64,,162,,79,,120,,170,,,,,,,,,,,,,,,,,,,,,,,,
,745,,,,,,,,,,,,,,5576,,2529,,2219,,17443,,15103,,,,,,,,,,,,,,,,24997,,34063,,19495,,32650,,2770,,,,,,,,,,,,,,,,1081,,72,,126,,77,,88,,172,,,,,,,,,,,,,,,,,,,,,,,,
,746,,,,,,,,,,,,,,5823,,2611,,2315,,18347,,15839,,,,,,,,,,,,,,,,25050,,34426,,19475,,31346,,2670,,,,,,,,,,,,,,,,1078,,75,,170,,68,,129,,204,,,,,,,,,,,,,,,,,,,,,,,,
,747,,,,,,,,,,,,,,6256,,2770,,2454,,19295,,16263,,,,,,,,,,,,,,,,26056,,34618,,19278,,30330,,2515,,,,,,,,,,,,,,,,1013,,49,,136,,83,,114,,219,,,,,,,,,,,,,,,,,,,,,,,,
,748,,,,,,,,,,,,,,6559,,2880,,2603,,19732,,16721,,,,,,,,,,,,,,,,26184,,34151,,19069,,28799,,2365,,,,,,,,,,,,,,,,962,,68,,113,,71,,94,,178,,,,,,,,,,,,,,,,,,,,,,,,
,749,,,,,,,,,,,,,,6948,,3037,,2665,,20803,,17004,,,,,,,,,,,,,,,,26841,,34118,,18530,,28257,,2209,,,,,,,,,,,,,,,,908,,55,,133,,50,,124,,185,,,,,,,,,,,,,,,,,,,,,,,,
,750,,,,,,,,,,,,,,7482,,3180,,2796,,21287,,17383,,,,,,,,,,,,,,,,26926,,33614,,18221,,26347,,2145,,,,,,,,,,,,,,,,871,,70,,132,,57,,78,,154,,,,,,,,,,,,,,,,,,,,,,,,
,751,,,,,,,,,,,,,,7900,,3251,,2979,,21976,,17711,,,,,,,,,,,,,,,,27004,,33743,,18043,,24982,,2038,,,,,,,,,,,,,,,,858,,57,,129,,56,,98,,135,,,,,,,,,,,,,,,,,,,,,,,,
,752,,,,,,,,,,,,,,8276,,3507,,3111,,22537,,18136,,,,,,,,,,,,,,,,27145,,32860,,17665,,23718,,1870,,,,,,,,,,,,,,,,782,,40,,117,,89,,119,,191,,,,,,,,,,,,,,,,,,,,,,,,
,753,,,,,,,,,,,,,,8679,,3642,,3243,,22959,,18357,,,,,,,,,,,,,,,,28131,,32704,,17253,,23203,,1837,,,,,,,,,,,,,,,,748,,37,,123,,94,,46,,119,,,,,,,,,,,,,,,,,,,,,,,,
,754,,,,,,,,,,,,,,9061,,3794,,3357,,23588,,18474,,,,,,,,,,,,,,,,27688,,31573,,17048,,21633,,1708,,,,,,,,,,,,,,,,708,,47,,108,,43,,104,,129,,,,,,,,,,,,,,,,,,,,,,,,
,755,,,,,,,,,,,,,,9641,,3930,,3461,,24535,,18734,,,,,,,,,,,,,,,,27362,,31360,,16295,,20387,,1613,,,,,,,,,,,,,,,,652,,52,,100,,49,,89,,125,,,,,,,,,,,,,,,,,,,,,,,,
,756,,,,,,,,,,,,,,10250,,4002,,3633,,24843,,18779,,,,,,,,,,,,,,,,27508,,30924,,15886,,19511,,1522,,,,,,,,,,,,,,,,608,,41,,111,,81,,98,,96,,,,,,,,,,,,,,,,,,,,,,,,
,757,,,,,,,,,,,,,,10632,,4240,,3768,,25337,,18937,,,,,,,,,,,,,,,,26961,,30128,,15301,,18154,,1456,,,,,,,,,,,,,,,,584,,56,,75,,64,,116,,128,,,,,,,,,,,,,,,,,,,,,,,,
,758,,,,,,,,,,,,,,11206,,4297,,3922,,25541,,19011,,,,,,,,,,,,,,,,26971,,28252,,14759,,16731,,1281,,,,,,,,,,,,,,,,512,,20,,94,,66,,92,,147,,,,,,,,,,,,,,,,,,,,,,,,
,759,,,,,,,,,,,,,,11618,,4584,,4009,,26083,,18847,,,,,,,,,,,,,,,,26547,,27622,,14287,,15667,,1204,,,,,,,,,,,,,,,,501,,48,,102,,69,,105,,154,,,,,,,,,,,,,,,,,,,,,,,,
,760,,,,,,,,,,,,,,12173,,4638,,4190,,26649,,18840,,,,,,,,,,,,,,,,25797,,26711,,13798,,14638,,1188,,,,,,,,,,,,,,,,508,,36,,57,,56,,95,,166,,,,,,,,,,,,,,,,,,,,,,,,
,761,,,,,,,,,,,,,,12729,,4722,,4270,,26461,,18562,,,,,,,,,,,,,,,,25540,,25906,,13315,,13685,,1094,,,,,,,,,,,,,,,,448,,44,,86,,41,,110,,152,,,,,,,,,,,,,,,,,,,,,,,,
,762,,,,,,,,,,,,,,13273,,4834,,4406,,26413,,18442,,,,,,,,,,,,,,,,24938,,24711,,12661,,12623,,1036,,,,,,,,,,,,,,,,449,,34,,56,,50,,29,,190,,,,,,,,,,,,,,,,,,,,,,,,
,763,,,,,,,,,,,,,,13496,,4919,,4431,,26735,,18083,,,,,,,,,,,,,,,,24277,,24110,,12029,,12065,,977,,,,,,,,,,,,,,,,453,,40,,84,,68,,74,,120,,,,,,,,,,,,,,,,,,,,,,,,
,764,,,,,,,,,,,,,,13747,,4933,,4527,,26531,,17494,,,,,,,,,,,,,,,,23630,,23033,,11496,,11250,,908,,,,,,,,,,,,,,,,390,,30,,67,,64,,83,,132,,,,,,,,,,,,,,,,,,,,,,,,
,765,,,,,,,,,,,,,,14111,,4953,,4611,,26278,,17235,,,,,,,,,,,,,,,,23361,,22344,,10927,,10744,,891,,,,,,,,,,,,,,,,385,,29,,60,,42,,68,,125,,,,,,,,,,,,,,,,,,,,,,,,
,766,,,,,,,,,,,,,,14296,,5093,,4592,,25953,,17005,,,,,,,,,,,,,,,,22681,,21906,,10777,,10105,,871,,,,,,,,,,,,,,,,409,,21,,60,,51,,51,,124,,,,,,,,,,,,,,,,,,,,,,,,
,767,,,,,,,,,,,,,,14656,,5008,,4588,,26079,,17074,,,,,,,,,,,,,,,,21940,,21075,,10445,,9400,,802,,,,,,,,,,,,,,,,338,,22,,76,,42,,69,,137,,,,,,,,,,,,,,,,,,,,,,,,
,768,,,,,,,,,,,,,,14584,,5054,,4662,,25442,,16328,,,,,,,,,,,,,,,,21601,,20221,,9878,,9032,,782,,,,,,,,,,,,,,,,357,,37,,54,,50,,98,,127,,,,,,,,,,,,,,,,,,,,,,,,
,769,,,,,,,,,,,,,,14828,,5076,,4657,,25163,,16160,,,,,,,,,,,,,,,,20801,,19140,,9492,,8444,,729,,,,,,,,,,,,,,,,333,,41,,78,,58,,60,,157,,,,,,,,,,,,,,,,,,,,,,,,
,770,,,,,,,,,,,,,,14869,,5076,,4695,,25020,,15644,,,,,,,,,,,,,,,,19788,,18448,,8915,,7790,,709,,,,,,,,,,,,,,,,357,,30,,73,,67,,96,,123,,,,,,,,,,,,,,,,,,,,,,,,
,771,,,,,,,,,,,,,,14980,,4962,,4648,,24334,,15130,,,,,,,,,,,,,,,,19881,,17411,,8602,,7438,,662,,,,,,,,,,,,,,,,296,,27,,66,,60,,56,,112,,,,,,,,,,,,,,,,,,,,,,,,
,772,,,,,,,,,,,,,,14846,,4996,,4508,,24427,,14683,,,,,,,,,,,,,,,,18811,,16780,,8084,,6883,,641,,,,,,,,,,,,,,,,310,,24,,103,,47,,72,,70,,,,,,,,,,,,,,,,,,,,,,,,
,773,,,,,,,,,,,,,,15105,,5010,,4577,,23691,,14223,,,,,,,,,,,,,,,,18036,,15514,,7629,,6591,,590,,,,,,,,,,,,,,,,297,,20,,96,,23,,90,,48,,,,,,,,,,,,,,,,,,,,,,,,
,774,,,,,,,,,,,,,,14983,,4953,,4537,,22687,,13384,,,,,,,,,,,,,,,,17118,,15004,,7127,,6060,,564,,,,,,,,,,,,,,,,230,,17,,67,,60,,72,,93,,,,,,,,,,,,,,,,,,,,,,,,
,775,,,,,,,,,,,,,,14724,,4810,,4538,,22307,,13251,,,,,,,,,,,,,,,,16159,,14333,,6978,,5713,,548,,,,,,,,,,,,,,,,233,,25,,57,,29,,64,,108,,,,,,,,,,,,,,,,,,,,,,,,
,776,,,,,,,,,,,,,,14712,,4856,,4478,,21621,,12603,,,,,,,,,,,,,,,,15581,,13176,,6383,,5310,,515,,,,,,,,,,,,,,,,246,,14,,66,,63,,45,,138,,,,,,,,,,,,,,,,,,,,,,,,
,777,,,,,,,,,,,,,,14327,,4712,,4490,,20727,,12016,,,,,,,,,,,,,,,,14682,,12639,,5989,,4983,,504,,,,,,,,,,,,,,,,216,,21,,51,,51,,51,,123,,,,,,,,,,,,,,,,,,,,,,,,
,778,,,,,,,,,,,,,,14166,,4694,,4345,,20243,,11456,,,,,,,,,,,,,,,,13564,,11853,,5589,,4689,,460,,,,,,,,,,,,,,,,223,,32,,82,,54,,106,,153,,,,,,,,,,,,,,,,,,,,,,,,
,779,,,,,,,,,,,,,,13979,,4641,,4278,,19741,,10976,,,,,,,,,,,,,,,,12862,,11025,,5311,,4359,,448,,,,,,,,,,,,,,,,239,,17,,77,,18,,44,,74,,,,,,,,,,,,,,,,,,,,,,,,
,780,,,,,,,,,,,,,,13915,,4478,,4089,,18426,,10010,,,,,,,,,,,,,,,,11860,,9982,,4845,,3879,,421,,,,,,,,,,,,,,,,190,,24,,41,,38,,52,,114,,,,,,,,,,,,,,,,,,,,,,,,
,781,,,,,,,,,,,,,,13437,,4325,,4069,,17440,,9510,,,,,,,,,,,,,,,,11389,,9581,,4674,,3560,,399,,,,,,,,,,,,,,,,198,,24,,62,,65,,69,,132,,,,,,,,,,,,,,,,,,,,,,,,
,782,,,,,,,,,,,,,,13244,,4305,,3917,,16614,,9131,,,,,,,,,,,,,,,,10549,,8942,,4234,,3432,,381,,,,,,,,,,,,,,,,163,,41,,85,,58,,91,,104,,,,,,,,,,,,,,,,,,,,,,,,
,783,,,,,,,,,,,,,,12927,,4292,,3892,,16223,,8713,,,,,,,,,,,,,,,,10283,,8511,,4115,,3191,,367,,,,,,,,,,,,,,,,186,,11,,44,,93,,85,,105,,,,,,,,,,,,,,,,,,,,,,,,
,784,,,,,,,,,,,,,,12607,,4225,,3715,,15520,,8190,,,,,,,,,,,,,,,,9450,,7943,,3803,,3125,,354,,,,,,,,,,,,,,,,158,,15,,71,,60,,81,,173,,,,,,,,,,,,,,,,,,,,,,,,
,785,,,,,,,,,,,,,,12592,,4136,,3566,,14613,,7783,,,,,,,,,,,,,,,,8914,,7389,,3582,,2817,,336,,,,,,,,,,,,,,,,147,,23,,66,,53,,56,,107,,,,,,,,,,,,,,,,,,,,,,,,
,786,,,,,,,,,,,,,,12135,,3954,,3425,,14015,,7324,,,,,,,,,,,,,,,,8200,,7045,,3345,,2524,,352,,,,,,,,,,,,,,,,136,,20,,41,,31,,76,,92,,,,,,,,,,,,,,,,,,,,,,,,
,787,,,,,,,,,,,,,,11820,,3966,,3341,,13061,,6796,,,,,,,,,,,,,,,,7913,,6458,,3085,,2563,,304,,,,,,,,,,,,,,,,162,,18,,24,,28,,67,,160,,,,,,,,,,,,,,,,,,,,,,,,
,788,,,,,,,,,,,,,,11820,,3758,,3146,,12714,,6605,,,,,,,,,,,,,,,,7384,,6144,,3039,,2245,,286,,,,,,,,,,,,,,,,131,,19,,25,,56,,32,,83,,,,,,,,,,,,,,,,,,,,,,,,
,789,,,,,,,,,,,,,,11539,,3701,,3064,,12049,,6137,,,,,,,,,,,,,,,,6937,,5881,,2706,,2212,,288,,,,,,,,,,,,,,,,184,,14,,71,,49,,49,,153,,,,,,,,,,,,,,,,,,,,,,,,
,790,,,,,,,,,,,,,,11193,,3556,,2969,,11439,,5830,,,,,,,,,,,,,,,,6577,,5573,,2618,,2084,,276,,,,,,,,,,,,,,,,167,,7,,53,,26,,0,,53,,,,,,,,,,,,,,,,,,,,,,,,
,791,,,,,,,,,,,,,,11088,,3564,,2869,,10889,,5620,,,,,,,,,,,,,,,,6225,,5261,,2387,,1948,,240,,,,,,,,,,,,,,,,122,,13,,51,,25,,19,,122,,,,,,,,,,,,,,,,,,,,,,,,
,792,,,,,,,,,,,,,,10893,,3348,,2686,,10205,,5083,,,,,,,,,,,,,,,,5847,,4988,,2318,,1798,,256,,,,,,,,,,,,,,,,102,,14,,68,,27,,42,,28,,,,,,,,,,,,,,,,,,,,,,,,
,793,,,,,,,,,,,,,,10565,,3358,,2599,,9831,,4906,,,,,,,,,,,,,,,,5530,,4618,,2109,,1848,,250,,,,,,,,,,,,,,,,130,,13,,38,,45,,24,,102,,,,,,,,,,,,,,,,,,,,,,,,
,794,,,,,,,,,,,,,,10543,,3250,,2476,,9234,,4581,,,,,,,,,,,,,,,,5098,,4284,,2064,,1689,,231,,,,,,,,,,,,,,,,127,,0,,40,,15,,79,,131,,,,,,,,,,,,,,,,,,,,,,,,
,795,,,,,,,,,,,,,,10250,,3110,,2329,,8623,,4324,,,,,,,,,,,,,,,,4915,,3973,,1910,,1441,,216,,,,,,,,,,,,,,,,129,,0,,37,,29,,81,,34,,,,,,,,,,,,,,,,,,,,,,,,
,796,,,,,,,,,,,,,,9893,,3012,,2316,,8123,,4055,,,,,,,,,,,,,,,,4518,,3739,,1831,,1493,,211,,,,,,,,,,,,,,,,90,,22,,48,,0,,20,,118,,,,,,,,,,,,,,,,,,,,,,,,
,797,,,,,,,,,,,,,,9855,,2803,,2143,,7632,,3772,,,,,,,,,,,,,,,,4195,,3495,,1666,,1358,,202,,,,,,,,,,,,,,,,128,,0,,62,,59,,41,,40,,,,,,,,,,,,,,,,,,,,,,,,
,798,,,,,,,,,,,,,,9478,,2799,,1885,,7091,,3541,,,,,,,,,,,,,,,,3918,,3168,,1592,,1276,,188,,,,,,,,,,,,,,,,78,,9,,57,,26,,68,,134,,,,,,,,,,,,,,,,,,,,,,,,
,799,,,,,,,,,,,,,,9337,,2605,,1827,,6444,,3360,,,,,,,,,,,,,,,,3629,,2933,,1426,,1233,,189,,,,,,,,,,,,,,,,88,,14,,18,,34,,82,,109,,,,,,,,,,,,,,,,,,,,,,,,
,800,,,,,,,,,,,,,,9009,,2468,,1814,,6256,,3071,,,,,,,,,,,,,,,,3304,,2706,,1350,,1085,,171,,,,,,,,,,,,,,,,99,,21,,33,,51,,56,,68,,,,,,,,,,,,,,,,,,,,,,,,
,801,,,,,,,,,,,,,,8837,,2419,,1584,,5808,,2771,,,,,,,,,,,,,,,,3099,,2563,,1208,,1080,,155,,,,,,,,,,,,,,,,106,,0,,0,,39,,49,,111,,,,,,,,,,,,,,,,,,,,,,,,
,802,,,,,,,,,,,,,,8492,,2266,,1580,,5116,,2463,,,,,,,,,,,,,,,,2776,,2341,,1073,,1029,,176,,,,,,,,,,,,,,,,68,,9,,15,,106,,26,,89,,,,,,,,,,,,,,,,,,,,,,,,
,803,,,,,,,,,,,,,,8204,,2169,,1440,,4791,,2331,,,,,,,,,,,,,,,,2574,,2181,,1091,,932,,169,,,,,,,,,,,,,,,,72,,16,,8,,7,,18,,125,,,,,,,,,,,,,,,,,,,,,,,,
,804,,,,,,,,,,,,,,8057,,2005,,1327,,4600,,2309,,,,,,,,,,,,,,,,2365,,1990,,983,,781,,153,,,,,,,,,,,,,,,,78,,17,,8,,34,,49,,111,,,,,,,,,,,,,,,,,,,,,,,,
,805,,,,,,,,,,,,,,7618,,1847,,1271,,4201,,2055,,,,,,,,,,,,,,,,2252,,1798,,903,,811,,142,,,,,,,,,,,,,,,,67,,14,,36,,25,,10,,59,,,,,,,,,,,,,,,,,,,,,,,,
,806,,,,,,,,,,,,,,7465,,1824,,1175,,3972,,1862,,,,,,,,,,,,,,,,2066,,1736,,863,,724,,118,,,,,,,,,,,,,,,,72,,0,,71,,57,,74,,172,,,,,,,,,,,,,,,,,,,,,,,,
,807,,,,,,,,,,,,,,7118,,1639,,1117,,3661,,1785,,,,,,,,,,,,,,,,1938,,1653,,777,,692,,120,,,,,,,,,,,,,,,,59,,14,,30,,48,,32,,23,,,,,,,,,,,,,,,,,,,,,,,,
,808,,,,,,,,,,,,,,6798,,1573,,992,,3440,,1714,,,,,,,,,,,,,,,,1734,,1426,,718,,687,,128,,,,,,,,,,,,,,,,61,,11,,27,,42,,58,,30,,,,,,,,,,,,,,,,,,,,,,,,
,809,,,,,,,,,,,,,,6561,,1489,,975,,3103,,1504,,,,,,,,,,,,,,,,1775,,1343,,719,,646,,115,,,,,,,,,,,,,,,,64,,28,,10,,47,,70,,74,,,,,,,,,,,,,,,,,,,,,,,,
,810,,,,,,,,,,,,,,6214,,1360,,914,,2996,,1423,,,,,,,,,,,,,,,,1529,,1318,,635,,605,,120,,,,,,,,,,,,,,,,54,,21,,41,,6,,0,,67,,,,,,,,,,,,,,,,,,,,,,,,
,811,,,,,,,,,,,,,,6076,,1393,,826,,2757,,1351,,,,,,,,,,,,,,,,1472,,1364,,646,,516,,128,,,,,,,,,,,,,,,,46,,0,,16,,5,,92,,104,,,,,,,,,,,,,,,,,,,,,,,,
,812,,,,,,,,,,,,,,5776,,1274,,815,,2565,,1278,,,,,,,,,,,,,,,,1424,,1117,,604,,505,,120,,,,,,,,,,,,,,,,82,,7,,25,,68,,28,,0,,,,,,,,,,,,,,,,,,,,,,,,
,813,,,,,,,,,,,,,,5578,,1203,,732,,2468,,1166,,,,,,,,,,,,,,,,1271,,1114,,558,,513,,107,,,,,,,,,,,,,,,,63,,21,,44,,54,,90,,120,,,,,,,,,,,,,,,,,,,,,,,,
,814,,,,,,,,,,,,,,5451,,1138,,713,,2391,,1103,,,,,,,,,,,,,,,,1207,,1020,,558,,456,,107,,,,,,,,,,,,,,,,39,,24,,42,,22,,89,,124,,,,,,,,,,,,,,,,,,,,,,,,
,815,,,,,,,,,,,,,,5161,,1120,,714,,2216,,1062,,,,,,,,,,,,,,,,1211,,1024,,499,,390,,100,,,,,,,,,,,,,,,,77,,15,,34,,27,,80,,154,,,,,,,,,,,,,,,,,,,,,,,,
,816,,,,,,,,,,,,,,4956,,1013,,625,,2016,,991,,,,,,,,,,,,,,,,1099,,981,,486,,372,,100,,,,,,,,,,,,,,,,26,,11,,33,,27,,65,,91,,,,,,,,,,,,,,,,,,,,,,,,
,817,,,,,,,,,,,,,,4726,,987,,592,,1895,,947,,,,,,,,,,,,,,,,1010,,892,,467,,377,,93,,,,,,,,,,,,,,,,32,,39,,46,,86,,55,,22,,,,,,,,,,,,,,,,,,,,,,,,
,818,,,,,,,,,,,,,,4523,,880,,573,,1735,,859,,,,,,,,,,,,,,,,974,,886,,404,,371,,107,,,,,,,,,,,,,,,,49,,7,,48,,53,,14,,41,,,,,,,,,,,,,,,,,,,,,,,,
,819,,,,,,,,,,,,,,4207,,879,,503,,1668,,775,,,,,,,,,,,,,,,,898,,746,,379,,339,,89,,,,,,,,,,,,,,,,38,,25,,30,,27,,108,,44,,,,,,,,,,,,,,,,,,,,,,,,
,820,,,,,,,,,,,,,,3894,,804,,480,,1516,,773,,,,,,,,,,,,,,,,804,,762,,326,,312,,91,,,,,,,,,,,,,,,,57,,37,,36,,68,,1,,48,,,,,,,,,,,,,,,,,,,,,,,,
,821,,,,,,,,,,,,,,3629,,678,,428,,1411,,704,,,,,,,,,,,,,,,,719,,720,,328,,337,,84,,,,,,,,,,,,,,,,9,,0,,55,,0,,88,,64,,,,,,,,,,,,,,,,,,,,,,,,
,822,,,,,,,,,,,,,,3514,,692,,411,,1358,,681,,,,,,,,,,,,,,,,676,,618,,369,,317,,88,,,,,,,,,,,,,,,,42,,13,,12,,28,,7,,65,,,,,,,,,,,,,,,,,,,,,,,,
,823,,,,,,,,,,,,,,3163,,626,,380,,1241,,599,,,,,,,,,,,,,,,,667,,616,,303,,250,,86,,,,,,,,,,,,,,,,38,,9,,33,,12,,55,,59,,,,,,,,,,,,,,,,,,,,,,,,
,824,,,,,,,,,,,,,,3100,,572,,373,,1163,,576,,,,,,,,,,,,,,,,598,,564,,271,,244,,73,,,,,,,,,,,,,,,,12,,16,,37,,12,,0,,0,,,,,,,,,,,,,,,,,,,,,,,,
,825,,,,,,,,,,,,,,2899,,565,,323,,1070,,559,,,,,,,,,,,,,,,,603,,522,,270,,260,,73,,,,,,,,,,,,,,,,57,,28,,30,,37,,22,,45,,,,,,,,,,,,,,,,,,,,,,,,
,826,,,,,,,,,,,,,,2582,,539,,309,,1003,,491,,,,,,,,,,,,,,,,526,,441,,246,,242,,83,,,,,,,,,,,,,,,,40,,5,,30,,31,,125,,173,,,,,,,,,,,,,,,,,,,,,,,,
,827,,,,,,,,,,,,,,2545,,484,,325,,981,,480,,,,,,,,,,,,,,,,477,,459,,198,,243,,87,,,,,,,,,,,,,,,,29,,10,,0,,41,,13,,94,,,,,,,,,,,,,,,,,,,,,,,,
,828,,,,,,,,,,,,,,2389,,476,,285,,933,,415,,,,,,,,,,,,,,,,513,,417,,238,,218,,73,,,,,,,,,,,,,,,,19,,32,,0,,47,,37,,28,,,,,,,,,,,,,,,,,,,,,,,,
,829,,,,,,,,,,,,,,2193,,396,,263,,835,,429,,,,,,,,,,,,,,,,450,,391,,228,,185,,74,,,,,,,,,,,,,,,,55,,22,,0,,0,,44,,74,,,,,,,,,,,,,,,,,,,,,,,,
,830,,,,,,,,,,,,,,1973,,381,,205,,750,,398,,,,,,,,,,,,,,,,418,,323,,188,,158,,53,,,,,,,,,,,,,,,,79,,0,,14,,100,,78,,0,,,,,,,,,,,,,,,,,,,,,,,,
,831,,,,,,,,,,,,,,1970,,366,,183,,678,,333,,,,,,,,,,,,,,,,381,,389,,153,,148,,54,,,,,,,,,,,,,,,,3,,0,,0,,34,,39,,11,,,,,,,,,,,,,,,,,,,,,,,,
,832,,,,,,,,,,,,,,1788,,323,,204,,650,,285,,,,,,,,,,,,,,,,371,,288,,166,,178,,51,,,,,,,,,,,,,,,,23,,9,,0,,0,,0,,0,,,,,,,,,,,,,,,,,,,,,,,,
,833,,,,,,,,,,,,,,1700,,334,,195,,618,,291,,,,,,,,,,,,,,,,350,,274,,159,,153,,51,,,,,,,,,,,,,,,,38,,0,,95,,101,,86,,214,,,,,,,,,,,,,,,,,,,,,,,,
,834,,,,,,,,,,,,,,1652,,341,,191,,549,,281,,,,,,,,,,,,,,,,343,,341,,148,,146,,44,,,,,,,,,,,,,,,,38,,32,,48,,2,,77,,0,,,,,,,,,,,,,,,,,,,,,,,,
,835,,,,,,,,,,,,,,1449,,282,,184,,599,,291,,,,,,,,,,,,,,,,309,,222,,133,,161,,101,,,,,,,,,,,,,,,,0,,0,,38,,52,,0,,0,,,,,,,,,,,,,,,,,,,,,,,,
,836,,,,,,,,,,,,,,1385,,255,,157,,492,,254,,,,,,,,,,,,,,,,238,,217,,168,,156,,27,,,,,,,,,,,,,,,,71,,11,,0,,27,,98,,66,,,,,,,,,,,,,,,,,,,,,,,,
,837,,,,,,,,,,,,,,1329,,258,,160,,452,,227,,,,,,,,,,,,,,,,280,,253,,137,,148,,37,,,,,,,,,,,,,,,,5,,22,,109,,51,,27,,67,,,,,,,,,,,,,,,,,,,,,,,,
,838,,,,,,,,,,,,,,1330,,299,,131,,487,,216,,,,,,,,,,,,,,,,230,,204,,112,,112,,31,,,,,,,,,,,,,,,,22,,0,,51,,61,,190,,237,,,,,,,,,,,,,,,,,,,,,,,,
,839,,,,,,,,,,,,,,1295,,251,,152,,469,,211,,,,,,,,,,,,,,,,226,,308,,120,,143,,29,,,,,,,,,,,,,,,,31,,6,,34,,0,,0,,117,,,,,,,,,,,,,,,,,,,,,,,,
,840,,,,,,,,,,,,,,1196,,217,,132,,407,,180,,,,,,,,,,,,,,,,239,,232,,45,,76,,86,,,,,,,,,,,,,,,,46,,31,,111,,0,,0,,15,,,,,,,,,,,,,,,,,,,,,,,,
,841,,,,,,,,,,,,,,1076,,228,,123,,361,,182,,,,,,,,,,,,,,,,200,,239,,112,,152,,48,,,,,,,,,,,,,,,,41,,66,,0,,102,,0,,161,,,,,,,,,,,,,,,,,,,,,,,,
,842,,,,,,,,,,,,,,983,,170,,106,,435,,182,,,,,,,,,,,,,,,,182,,151,,116,,107,,98,,,,,,,,,,,,,,,,0,,0,,203,,56,,247,,69,,,,,,,,,,,,,,,,,,,,,,,,
,843,,,,,,,,,,,,,,1026,,208,,87,,316,,168,,,,,,,,,,,,,,,,166,,150,,54,,88,,67,,,,,,,,,,,,,,,,0,,65,,29,,146,,128,,138,,,,,,,,,,,,,,,,,,,,,,,,
,844,,,,,,,,,,,,,,809,,188,,96,,265,,147,,,,,,,,,,,,,,,,207,,157,,97,,52,,71,,,,,,,,,,,,,,,,3,,0,,95,,115,,118,,0,,,,,,,,,,,,,,,,,,,,,,,,
,845,,,,,,,,,,,,,,829,,177,,67,,315,,176,,,,,,,,,,,,,,,,225,,145,,53,,149,,144,,,,,,,,,,,,,,,,25,,155,,38,,227,,107,,0,,,,,,,,,,,,,,,,,,,,,,,,
,846,,,,,,,,,,,,,,810,,139,,107,,264,,124,,,,,,,,,,,,,,,,140,,184,,123,,37,,0,,,,,,,,,,,,,,,,38,,9,,0,,231,,221,,121,,,,,,,,,,,,,,,,,,,,,,,,
,847,,,,,,,,,,,,,,618,,153,,53,,280,,146,,,,,,,,,,,,,,,,160,,146,,51,,107,,79,,,,,,,,,,,,,,,,29,,0,,0,,0,,0,,265,,,,,,,,,,,,,,,,,,,,,,,,
,848,,,,,,,,,,,,,,614,,90,,62,,248,,13,,,,,,,,,,,,,,,,85,,69,,18,,22,,58,,,,,,,,,,,,,,,,0,,0,,0,,153,,207,,191,,,,,,,,,,,,,,,,,,,,,,,,
,849,,,,,,,,,,,,,,637,,141,,91,,219,,135,,,,,,,,,,,,,,,,83,,155,,74,,0,,133,,,,,,,,,,,,,,,,199,,0,,0,,0,,373,,220,,,,,,,,,,,,,,,,,,,,,,,,
,850,,,,,,,,,,,,,,548,,104,,55,,225,,49,,,,,,,,,,,,,,,,56,,138,,48,,134,,0,,,,,,,,,,,,,,,,132,,60,,466,,80,,0,,0,,,,,,,,,,,,,,,,,,,,,,,,
,,,,,,,,,,,,,,,,,,,,,,,,,,,,,,,,,,,,,,,,,,,,,,,,,,,,,,,,,,,,,,,,,,,,,,,,,,,,,,,,,,,,,,,,,,,,,,,,,
Results,,,,,,,,,,,,,,,,,,,,,,,,,,,,,,,,,,,,,,,,,,,,,,,,,,,,,,,,,,,,,,,,,,,,,,,,,,,,,,,,,,,,,,,,,,,,,,,,,
,,,,,,,,,,,,,,,,,,,,,,,,,,,,,,,,,,,,,,,,,,,,,,,,,,,,,,,,,,,,,,,,,,,,,,,,,,,,,,,,,,,,,,,,,,,,,,,,,
,,1,2,3,4,5,6,7,8,9,10,11,12,,,,,,,,,,,,,,,,,,,,,,,,,,,,,,,,,,,,,,,,,,,,,,,,,,,,,,,,,,,,,,,,,,,,,,,,,,,,,,,,,,,,
,A,?????,?????,?????,?????,?????,?????,?????,?????,?????,?????,?????,?????,Mean Max RFU [EM Spectrum],,,,,,,,,,,,,,,,,,,,,,,,,,,,,,,,,,,,,,,,,,,,,,,,,,,,,,,,,,,,,,,,,,,,,,,,,,,,,,,,,,,
,B,?????,15105,?????,5093,?????,4695,?????,26735,?????,19011,?????,?????,Mean Max RFU [EM Spectrum],,,,,,,,,,,,,,,,,,,,,,,,,,,,,,,,,,,,,,,,,,,,,,,,,,,,,,,,,,,,,,,,,,,,,,,,,,,,,,,,,,,
,C,?????,?????,?????,?????,?????,?????,?????,?????,?????,?????,?????,?????,Mean Max RFU [EM Spectrum],,,,,,,,,,,,,,,,,,,,,,,,,,,,,,,,,,,,,,,,,,,,,,,,,,,,,,,,,,,,,,,,,,,,,,,,,,,,,,,,,,,
,D,?????,28131,?????,34618,?????,19671,?????,44423,?????,93893,?????,?????,Mean Max RFU [EM Spectrum],,,,,,,,,,,,,,,,,,,,,,,,,,,,,,,,,,,,,,,,,,,,,,,,,,,,,,,,,,,,,,,,,,,,,,,,,,,,,,,,,,,
,E,?????,?????,?????,?????,?????,?????,?????,?????,?????,?????,?????,?????,Mean Max RFU [EM Spectrum],,,,,,,,,,,,,,,,,,,,,,,,,,,,,,,,,,,,,,,,,,,,,,,,,,,,,,,,,,,,,,,,,,,,,,,,,,,,,,,,,,,
,F,?????,38183,?????,3946,?????,16503,?????,20699,?????,7816,?????,4822,Mean Max RFU [EM Spectrum],,,,,,,,,,,,,,,,,,,,,,,,,,,,,,,,,,,,,,,,,,,,,,,,,,,,,,,,,,,,,,,,,,,,,,,,,,,,,,,,,,,
,G,?????,?????,?????,?????,?????,?????,?????,?????,?????,?????,?????,?????,Mean Max RFU [EM Spectrum],,,,,,,,,,,,,,,,,,,,,,,,,,,,,,,,,,,,,,,,,,,,,,,,,,,,,,,,,,,,,,,,,,,,,,,,,,,,,,,,,,,
,H,?????,?????,?????,?????,?????,?????,?????,?????,?????,?????,?????,?????,Mean Max RFU [EM Spectrum],,,,,,,,,,,,,,,,,,,,,,,,,,,,,,,,,,,,,,,,,,,,,,,,,,,,,,,,,,,,,,,,,,,,,,,,,,,,,,,,,,,
